연도,대회명,라운드,날짜,상대팀,선수명,선발/교체,출전시간,득점,도움,실점,MOM,경고,비고
2022,춘계대회,조별리그,2022-02-12,경일대,이산,교체,33,,,,,,
2022,춘계대회,조별리그,2022-02-12,경일대,조승택,선발,95,,,,,,
2022,춘계대회,조별리그,2022-02-12,경일대,장재혁,교체,33,,,,,,
2022,춘계대회,조별리그,2022-02-12,경일대,조준현,교체,7,,,,,,
2022,춘계대회,조별리그,2022-02-12,경일대,김현민,교체,11,,,,,,
2022,춘계대회,조별리그,2022-02-12,경일대,김경민,선발,62,2,,,,,
2022,춘계대회,조별리그,2022-02-12,경일대,김장우,교체,17,1,,,,,
2022,춘계대회,조별리그,2022-02-14,대신대,이산,교체,29,,,,,,
2022,춘계대회,조별리그,2022-02-14,대신대,조승택,선발,78,,,,,,
2022,춘계대회,조별리그,2022-02-14,대신대,김경민,교체,29,,,,,,
2022,춘계대회,조별리그,2022-02-14,대신대,김승호,교체,10,,,,,,
2022,춘계대회,조별리그,2022-02-14,대신대,김장우,교체,29,,,,,,
2022,춘계대회,조별리그,2022-02-16,칼빈대,조승택,선발,93,,,,,,
2022,춘계대회,조별리그,2022-02-16,칼빈대,장재혁,선발,93,,,,,,
2022,춘계대회,조별리그,2022-02-16,칼빈대,조준현,선발,93,,,,,,
2022,춘계대회,조별리그,2022-02-16,칼빈대,김현민,교체,38,,,,,,
2022,춘계대회,조별리그,2022-02-16,칼빈대,김경민,선발,62,,,,,,
2022,춘계대회,조별리그,2022-02-16,칼빈대,백승민,교체,48,,,,,,
2022,춘계대회,조별리그,2022-02-16,칼빈대,김승호,선발,93,,,,,,
2022,춘계대회,조별리그,2022-02-16,칼빈대,김장우,선발,45,,,,,,
2022,춘계대회,22강,2022-02-18,동의대,조승택,선발,94,,,,,,
2022,춘계대회,22강,2022-02-18,동의대,장재혁,교체,1,,,,,,PSO
2022,춘계대회,22강,2022-02-18,동의대,김경민,교체,52,1,,,,,
2022,춘계대회,22강,2022-02-18,동의대,김승호,교체,1,,,,,,PSO
2022,춘계대회,22강,2022-02-18,동의대,김장우,교체,1,,,,,,PSO
2022,저학년대회,조별리그,2022-07-04,순복음총회,탁하도,선발,56,,,,,,
2022,저학년대회,조별리그,2022-07-04,순복음총회,이산,선발,96,,,,,,
2022,저학년대회,조별리그,2022-07-04,순복음총회,조승택,선발,96,,,,,,
2022,저학년대회,조별리그,2022-07-04,순복음총회,장재혁,선발,96,,,,,,
2022,저학년대회,조별리그,2022-07-04,순복음총회,조준현,선발,88,1,,,,,
2022,저학년대회,조별리그,2022-07-04,순복음총회,김현민,선발,38,,,,,,
2022,저학년대회,조별리그,2022-07-04,순복음총회,백승민,교체,5,,,,,,
2022,저학년대회,조별리그,2022-07-04,순복음총회,김승호,교체,40,,,,,,
2022,저학년대회,조별리그,2022-07-04,순복음총회,이민재,선발,47,,,,,,
2022,저학년대회,조별리그,2022-07-04,순복음총회,김장우,선발,91,1,,,,,
2022,저학년대회,조별리그,2022-07-06,상지대,탁하도,선발,57,,,,,,
2022,저학년대회,조별리그,2022-07-06,상지대,이산,선발,94,,,,,,
2022,저학년대회,조별리그,2022-07-06,상지대,조승택,선발,94,,,,,,
2022,저학년대회,조별리그,2022-07-06,상지대,장재혁,선발,94,1,,,,,
2022,저학년대회,조별리그,2022-07-06,상지대,조준현,선발,94,,,,,,
2022,저학년대회,조별리그,2022-07-06,상지대,김현민,교체,10,,,,,,
2022,저학년대회,조별리그,2022-07-06,상지대,백승민,선발,94,,,,,,
2022,저학년대회,조별리그,2022-07-06,상지대,김승호,교체,34,,,,,,
2022,저학년대회,조별리그,2022-07-06,상지대,이민재,선발,57,,,,,,
2022,저학년대회,조별리그,2022-07-06,상지대,김장우,선발,94,1,,,,1,
2022,저학년대회,조별리그,2022-07-08,김해대,탁하도,교체,14,,,,,,
2022,저학년대회,조별리그,2022-07-08,김해대,이산,선발,88,,,,,,
2022,저학년대회,조별리그,2022-07-08,김해대,조승택,선발,95,,,,,,
2022,저학년대회,조별리그,2022-07-08,김해대,장재혁,선발,95,,,,,,
2022,저학년대회,조별리그,2022-07-08,김해대,조준현,선발,95,,,,,,
2022,저학년대회,조별리그,2022-07-08,김해대,김현민,교체,7,,,,,,
2022,저학년대회,조별리그,2022-07-08,김해대,김승호,선발,88,,,,,,
2022,저학년대회,조별리그,2022-07-08,김해대,이민재,교체,27,,,,,,
2022,저학년대회,조별리그,2022-07-08,김해대,김장우,선발,85,,,,,,
2022,저학년대회,16강,2022-07-11,아주대,탁하도,선발,94,,,,,,
2022,저학년대회,16강,2022-07-11,아주대,이산,선발,96,,,,,,
2022,저학년대회,16강,2022-07-11,아주대,조승택,선발,96,,,,,,
2022,저학년대회,16강,2022-07-11,아주대,장재혁,선발,96,,,,,,
2022,저학년대회,16강,2022-07-11,아주대,조준현,선발,96,1,,,,,
2022,저학년대회,16강,2022-07-11,아주대,김현민,교체,11,,,,,,
2022,저학년대회,16강,2022-07-11,아주대,백승민,교체,11,,,,,,
2022,저학년대회,16강,2022-07-11,아주대,김승호,선발,47,,,,,,
2022,저학년대회,16강,2022-07-11,아주대,이민재,교체,37,,,,,,
2022,저학년대회,16강,2022-07-11,아주대,김장우,선발,94,,,,,,
2022,전국체육대회,16강,2022-10-07,인천대,이산,선발,,,,,,,
2022,전국체육대회,16강,2022-10-07,인천대,조승택,선발,,,,,,,
2022,전국체육대회,16강,2022-10-07,인천대,장재혁,선발,,,,,,,
2022,전국체육대회,16강,2022-10-07,인천대,조준현,선발,,,,,,,
2022,전국체육대회,16강,2022-10-07,인천대,김경민,교체,,,,,,,
2022,전국체육대회,16강,2022-10-07,인천대,김장우,교체,,1,,,,,
2022,전국체육대회,8강,2022-10-09,선문대,이산,선발,,,,,,,
2022,전국체육대회,8강,2022-10-09,선문대,조승택,선발,,,,,,,
2022,전국체육대회,8강,2022-10-09,선문대,장재혁,선발,,,,,,,
2022,전국체육대회,8강,2022-10-09,선문대,조준현,선발,,,,,,,
2022,전국체육대회,8강,2022-10-09,선문대,김경민,교체,,,,,,,
2022,전국체육대회,8강,2022-10-09,선문대,김장우,교체,,,,,,,
2022,전국체육대회,준결승,2022-10-11,호원대,이산,선발,,,,,,,PSO
2022,전국체육대회,준결승,2022-10-11,호원대,조승택,선발,,,,,,,PSO
2022,전국체육대회,준결승,2022-10-11,호원대,장재혁,선발,,,,,,,
2022,전국체육대회,준결승,2022-10-11,호원대,김경민,선발,,,,,,,
2022,전국체육대회,준결승,2022-10-11,호원대,김장우,선발,,,,,,,
2022,전국체육대회,준결승,2022-10-11,호원대,조준현,교체,,,,,,,
2022,전국체육대회,결승,2022-10-13,울산대,이산,선발,,,,,,,
2022,전국체육대회,결승,2022-10-13,울산대,조승택,선발,,,,,,1,
2022,전국체육대회,결승,2022-10-13,울산대,장재혁,선발,,,,,,,
2022,전국체육대회,결승,2022-10-13,울산대,김경민,선발,,,,,,1,
2022,전국체육대회,결승,2022-10-13,울산대,김장우,선발,,,,,,,
2022,전국체육대회,결승,2022-10-13,울산대,조준현,교체,,,,,,,
2023,춘계대회,조별리그,2023-02-11,아주대,이산,선발,88,,,,,,교체 아웃
2023,춘계대회,조별리그,2023-02-11,아주대,이찬형,선발,93,,,,,,
2023,춘계대회,조별리그,2023-02-11,아주대,조승택,선발,93,,,,,1,
2023,춘계대회,조별리그,2023-02-11,아주대,장재혁,선발,93,,,,,,
2023,춘계대회,조별리그,2023-02-11,아주대,김경민,선발,61,,,,,,교체 아웃
2023,춘계대회,조별리그,2023-02-11,아주대,이민재,교체,32,,,,,,
2023,춘계대회,조별리그,2023-02-11,아주대,조준현,교체,63,,,,,,
2023,춘계대회,조별리그,2023-02-11,아주대,김장우,선발,61,,,,,,교체 아웃
2023,춘계대회,조별리그,2023-02-11,아주대,백승민,선발,93,,,,1,,
2023,춘계대회,조별리그,2023-02-11,아주대,김승호,교체,5,,,,,,
2023,춘계대회,조별리그,2023-02-11,아주대,이동열,교체,63,,,,,1,
2023,춘계대회,조별리그,2023-02-11,아주대,정유찬,교체,32,,,,,,
2023,춘계대회,조별리그,2023-02-13,인천대,이산,선발,95,,,,,1,
2023,춘계대회,조별리그,2023-02-13,인천대,이찬형,선발,95,,,,,,
2023,춘계대회,조별리그,2023-02-13,인천대,조승택,선발,95,,,,,,
2023,춘계대회,조별리그,2023-02-13,인천대,장재혁,선발,95,,,,,,
2023,춘계대회,조별리그,2023-02-13,인천대,김경민,선발,54,,,,,,교체 아웃
2023,춘계대회,조별리그,2023-02-13,인천대,이민재,선발,46,,,,,,교체 아웃
2023,춘계대회,조별리그,2023-02-13,인천대,조준현,선발,95,,,,,,
2023,춘계대회,조별리그,2023-02-13,인천대,김장우,선발,58,,,,,,교체 아웃
2023,춘계대회,조별리그,2023-02-13,인천대,백승민,선발,95,,,,,,
2023,춘계대회,조별리그,2023-02-13,인천대,이동열,교체,49,,,,,,
2023,춘계대회,조별리그,2023-02-13,인천대,정유찬,선발,66,,,,,,교체 아웃
2023,춘계대회,조별리그,2023-02-15,김천대,이산,선발,61,,,,,1,교체 아웃
2023,춘계대회,조별리그,2023-02-15,김천대,이찬형,선발,95,,,,,,
2023,춘계대회,조별리그,2023-02-15,김천대,조승택,선발,68,,,,,,교체 아웃
2023,춘계대회,조별리그,2023-02-15,김천대,장재혁,선발,47,,,,,,교체 아웃
2023,춘계대회,조별리그,2023-02-15,김천대,김경민,선발,95,,,,,,
2023,춘계대회,조별리그,2023-02-15,김천대,조준현,교체,48,,,,,,
2023,춘계대회,조별리그,2023-02-15,김천대,김현민,교체,48,,,,,,
2023,춘계대회,조별리그,2023-02-15,김천대,김장우,선발,77,1,,,,,교체 아웃
2023,춘계대회,조별리그,2023-02-15,김천대,레슬리,교체,34,,,,,,
2023,춘계대회,조별리그,2023-02-15,김천대,백승민,선발,95,,,,,,
2023,춘계대회,조별리그,2023-02-15,김천대,김승호,교체,27,,,,,,
2023,춘계대회,조별리그,2023-02-15,김천대,이동열,교체,48,1,,,,,
2023,춘계대회,조별리그,2023-02-15,김천대,정유찬,교체,48,,,,,,
2023,춘계대회,16강,2023-02-19,광운대,이찬형,선발,98,,,,,,
2023,춘계대회,16강,2023-02-19,광운대,조승택,선발,98,,,,,,
2023,춘계대회,16강,2023-02-19,광운대,장재혁,선발,98,,,,,,
2023,춘계대회,16강,2023-02-19,광운대,김경민,선발,63,,1,,,,교체 아웃
2023,춘계대회,16강,2023-02-19,광운대,이민재,교체,35,,,,,,
2023,춘계대회,16강,2023-02-19,광운대,조준현,교체,65,,,,,,
2023,춘계대회,16강,2023-02-19,광운대,김장우,선발,78,,,,,,교체 아웃
2023,춘계대회,16강,2023-02-19,광운대,백승민,선발,98,,,,,,
2023,춘계대회,16강,2023-02-19,광운대,김승호,선발,98,,,,,1,
2023,춘계대회,16강,2023-02-19,광운대,이동열,교체,65,1,,,,,
2023,춘계대회,16강,2023-02-19,광운대,정유찬,교체,51,,,,,,
2023,U리그,1라운드,2023-04-07,김천대,이산,선발,96,,,,,,
2023,U리그,1라운드,2023-04-07,김천대,이찬형,선발,75,,,,,,교체 아웃
2023,U리그,1라운드,2023-04-07,김천대,조승택,선발,96,,,,,,
2023,U리그,1라운드,2023-04-07,김천대,장재혁,선발,96,,,,,,
2023,U리그,1라운드,2023-04-07,김천대,김경민,선발,57,,,,,,교체 아웃
2023,U리그,1라운드,2023-04-07,김천대,이민재,선발,57,,,,,,교체 아웃
2023,U리그,1라운드,2023-04-07,김천대,조준현,선발,96,,,,1,,
2023,U리그,1라운드,2023-04-07,김천대,김현민,교체,39,,,,,1,
2023,U리그,1라운드,2023-04-07,김천대,김장우,교체,50,,,,,,
2023,U리그,1라운드,2023-04-07,김천대,레슬리,교체,21,,,,,1,
2023,U리그,1라운드,2023-04-07,김천대,백승민,선발,96,,,,,,
2023,U리그,1라운드,2023-04-07,김천대,김승호,선발,96,,,,,,
2023,U리그,1라운드,2023-04-07,김천대,이동열,선발,70,,,,,,교체 아웃
2023,U리그,1라운드,2023-04-07,김천대,정유찬,교체,26,,,,,,
2023,U리그,2라운드,2023-04-14,성균관대,이산,선발,95,,,,,,
2023,U리그,2라운드,2023-04-14,성균관대,이찬형,선발,95,,,,,,
2023,U리그,2라운드,2023-04-14,성균관대,조승택,선발,95,,,,1,,
2023,U리그,2라운드,2023-04-14,성균관대,장재혁,선발,76,,,,,,교체 아웃
2023,U리그,2라운드,2023-04-14,성균관대,김경민,교체,49,,,,,,
2023,U리그,2라운드,2023-04-14,성균관대,이민재,교체,49,,,,,,
2023,U리그,2라운드,2023-04-14,성균관대,조준현,선발,95,,,,,,
2023,U리그,2라운드,2023-04-14,성균관대,김현민,선발,95,,,,,,교체 아웃
2023,U리그,2라운드,2023-04-14,성균관대,김장우,선발,54,,,,,,교체 아웃
2023,U리그,2라운드,2023-04-14,성균관대,백승민,선발,95,,,,,,
2023,U리그,2라운드,2023-04-14,성균관대,김승호,선발,95,,,,,,
2023,U리그,2라운드,2023-04-14,성균관대,이동열,교체,41,,,,,,
2023,U리그,2라운드,2023-04-14,성균관대,정유찬,교체,19,,,,,,
2023,U리그,3라운드,2023-04-21,제주국제대,이승훈,교체,3,,,,,,
2023,U리그,3라운드,2023-04-21,제주국제대,이산,선발,87,,,,,,교체 아웃
2023,U리그,3라운드,2023-04-21,제주국제대,이찬형,선발,93,,,,,,
2023,U리그,3라운드,2023-04-21,제주국제대,조승택,선발,93,,,,,,
2023,U리그,3라운드,2023-04-21,제주국제대,장재혁,선발,93,,,,,,
2023,U리그,3라운드,2023-04-21,제주국제대,김경민,선발,93,,,,,,
2023,U리그,3라운드,2023-04-21,제주국제대,이민재,선발,73,,,,,,교체 아웃
2023,U리그,3라운드,2023-04-21,제주국제대,조준현,선발,93,1,,,,,
2023,U리그,3라운드,2023-04-21,제주국제대,김장우,교체,30,,,,,,
2023,U리그,3라운드,2023-04-21,제주국제대,백승민,선발,90,,,,,,교체 아웃
2023,U리그,3라운드,2023-04-21,제주국제대,김승호,선발,93,,,,,1,
2023,U리그,3라운드,2023-04-21,제주국제대,이동열,선발,63,,,,,,교체 아웃
2023,U리그,4라운드,2023-05-12,가톨릭관동대,탁하도,교체,13,,,,,,
2023,U리그,4라운드,2023-05-12,가톨릭관동대,이찬형,선발,94,,,,,,
2023,U리그,4라운드,2023-05-12,가톨릭관동대,조승택,선발,94,,,,,,
2023,U리그,4라운드,2023-05-12,가톨릭관동대,장재혁,선발,94,,,,,1,
2023,U리그,4라운드,2023-05-12,가톨릭관동대,김경민,선발,59,,,,,1,교체 아웃
2023,U리그,4라운드,2023-05-12,가톨릭관동대,이민재,선발,81,,,,,,교체 아웃
2023,U리그,4라운드,2023-05-12,가톨릭관동대,조준현,선발,94,,,,,,
2023,U리그,4라운드,2023-05-12,가톨릭관동대,김현민,선발,59,1,,,1,,교체 아웃
2023,U리그,4라운드,2023-05-12,가톨릭관동대,백승민,선발,94,,,,,,
2023,U리그,4라운드,2023-05-12,가톨릭관동대,김승호,선발,94,,,,,,
2023,U리그,4라운드,2023-05-12,가톨릭관동대,이동열,교체,35,,,,,,
2023,U리그,5라운드,2023-05-19,대구대,탁하도,교체,27,,,,,,
2023,U리그,5라운드,2023-05-19,대구대,이산,선발,91,,,,,,
2023,U리그,5라운드,2023-05-19,대구대,이찬형,선발,82,,,,,,교체 아웃
2023,U리그,5라운드,2023-05-19,대구대,조승택,선발,91,,,,,,
2023,U리그,5라운드,2023-05-19,대구대,장재혁,선발,91,,,,,,
2023,U리그,5라운드,2023-05-19,대구대,김경민,선발,91,3,,,1,,
2023,U리그,5라운드,2023-05-19,대구대,이민재,교체,45,,,,,,
2023,U리그,5라운드,2023-05-19,대구대,조준현,선발,91,1,,,,,
2023,U리그,5라운드,2023-05-19,대구대,김현민,선발,46,,,,,,교체 아웃
2023,U리그,5라운드,2023-05-19,대구대,김장우,교체,45,,1,,,,
2023,U리그,5라운드,2023-05-19,대구대,백승민,선발,91,,,,,,
2023,U리그,5라운드,2023-05-19,대구대,이민혁,교체,9,,,,,,
2023,U리그,5라운드,2023-05-19,대구대,김승호,선발,64,,,,,1,교체 아웃
2023,U리그,5라운드,2023-05-19,대구대,이동열,교체,18,,,,,,
2023,U리그,6라운드,2023-05-26,단국대,이산,선발,94,,,,,1,
2023,U리그,6라운드,2023-05-26,단국대,이찬형,선발,94,,,,,,
2023,U리그,6라운드,2023-05-26,단국대,조승택,선발,94,,,,,,
2023,U리그,6라운드,2023-05-26,단국대,장재혁,선발,94,,,,,,
2023,U리그,6라운드,2023-05-26,단국대,김경민,교체,66,,,,,,
2023,U리그,6라운드,2023-05-26,단국대,이민재,교체,48,,,,,,
2023,U리그,6라운드,2023-05-26,단국대,조준현,선발,94,1,,,1,,
2023,U리그,6라운드,2023-05-26,단국대,김장우,교체,13,,,,,,
2023,U리그,6라운드,2023-05-26,단국대,백승민,선발,94,,,,,,
2023,U리그,6라운드,2023-05-26,단국대,김승호,선발,94,,,,,,
2023,U리그,7라운드,2023-06-16,한양대,이산,선발,94,,,,,,교체 아웃
2023,U리그,7라운드,2023-06-16,한양대,이찬형,선발,94,,,,,,
2023,U리그,7라운드,2023-06-16,한양대,조승택,선발,94,,,,,,
2023,U리그,7라운드,2023-06-16,한양대,장재혁,선발,94,,,,,,
2023,U리그,7라운드,2023-06-16,한양대,김경민,선발,68,,,,,,교체 아웃
2023,U리그,7라운드,2023-06-16,한양대,이민재,교체,36,,,,,,
2023,U리그,7라운드,2023-06-16,한양대,조준현,선발,91,1,,,,,교체 아웃
2023,U리그,7라운드,2023-06-16,한양대,김현민,선발,83,,,,,,교체 아웃
2023,U리그,7라운드,2023-06-16,한양대,김장우,선발,94,,,,,,
2023,U리그,7라운드,2023-06-16,한양대,백승민,선발,94,,,,,,
2023,U리그,7라운드,2023-06-16,한양대,김승호,선발,94,,,,,,
2023,저학년대회,조별리그,2023-07-03,선문대,탁하도,선발,97,,,,,,
2023,저학년대회,조별리그,2023-07-03,선문대,이찬형,선발,97,,,,,,
2023,저학년대회,조별리그,2023-07-03,선문대,이민재,선발,90,,,,,,교체 아웃
2023,저학년대회,조별리그,2023-07-03,선문대,조준현,선발,97,1,,,,1,
2023,저학년대회,조별리그,2023-07-03,선문대,김장우,선발,83,,,,,,교체 아웃
2023,저학년대회,조별리그,2023-07-03,선문대,레슬리,선발,97,,,,,,
2023,저학년대회,조별리그,2023-07-03,선문대,백승민,선발,97,,,,1,,
2023,저학년대회,조별리그,2023-07-03,선문대,이민혁,교체,7,,,,,,
2023,저학년대회,조별리그,2023-07-03,선문대,김승호,선발,97,,,,,,
2023,저학년대회,조별리그,2023-07-03,선문대,이규민,교체,2,,,,,,
2023,저학년대회,조별리그,2023-07-03,선문대,이동열,교체,48,,,,,,교체 아웃
2023,저학년대회,조별리그,2023-07-03,선문대,정유찬,선발,78,,,,,,교체 아웃
2023,저학년대회,조별리그,2023-07-05,세경대,탁하도,선발,98,,,,,,
2023,저학년대회,조별리그,2023-07-05,세경대,이찬형,선발,98,,,,,,
2023,저학년대회,조별리그,2023-07-05,세경대,이민재,선발,98,1,,,,,
2023,저학년대회,조별리그,2023-07-05,세경대,김장우,선발,73,,,,,,교체 아웃
2023,저학년대회,조별리그,2023-07-05,세경대,레슬리,선발,98,,,,,,
2023,저학년대회,조별리그,2023-07-05,세경대,백승민,선발,98,,,,,,
2023,저학년대회,조별리그,2023-07-05,세경대,이민혁,교체,19,,,,,,
2023,저학년대회,조별리그,2023-07-05,세경대,김승호,선발,98,,,,,,
2023,저학년대회,조별리그,2023-07-05,세경대,이규민,교체,50,,,,,,
2023,저학년대회,조별리그,2023-07-05,세경대,이동열,선발,98,,,,,,
2023,저학년대회,조별리그,2023-07-05,세경대,정유찬,선발,79,,,,,,교체 아웃
2023,저학년대회,조별리그,2023-07-07,순복음총회,이승훈,교체,6,,,,,,
2023,저학년대회,조별리그,2023-07-07,순복음총회,이찬형,선발,97,,,,,,
2023,저학년대회,조별리그,2023-07-07,순복음총회,양한울,교체,11,,,,,1,
2023,저학년대회,조별리그,2023-07-07,순복음총회,이민재,선발,97,,,,,1,
2023,저학년대회,조별리그,2023-07-07,순복음총회,조준현,선발,97,,,,,,
2023,저학년대회,조별리그,2023-07-07,순복음총회,김장우,선발,60,,,,,,교체 아웃
2023,저학년대회,조별리그,2023-07-07,순복음총회,레슬리,선발,97,,,,,1,
2023,저학년대회,조별리그,2023-07-07,순복음총회,백승민,선발,91,,,,,,교체 아웃
2023,저학년대회,조별리그,2023-07-07,순복음총회,이민혁,선발,86,,,,,,교체 아웃
2023,저학년대회,조별리그,2023-07-07,순복음총회,김승호,선발,91,,,,,1,교체 아웃
2023,저학년대회,조별리그,2023-07-07,순복음총회,이규민,선발,65,,,,,,교체 아웃
2023,저학년대회,조별리그,2023-07-07,순복음총회,이동열,선발,86,,,,,,교체 아웃
2023,저학년대회,조별리그,2023-07-07,순복음총회,정유찬,선발,73,,,,,,교체 아웃
2023,저학년대회,16강,2023-07-10,조선대,탁하도,선발,48,,,,,,교체 아웃
2023,저학년대회,16강,2023-07-10,조선대,이찬형,선발,99,,,,,1,
2023,저학년대회,16강,2023-07-10,조선대,양한울,교체,51,1,,,1,,
2023,저학년대회,16강,2023-07-10,조선대,이민재,선발,99,,,,,,
2023,저학년대회,16강,2023-07-10,조선대,조준현,선발,98,,,,,1,교체 아웃
2023,저학년대회,16강,2023-07-10,조선대,김장우,선발,76,,,,,1,교체 아웃
2023,저학년대회,16강,2023-07-10,조선대,레슬리,선발,99,,,,,,
2023,저학년대회,16강,2023-07-10,조선대,백승민,선발,99,,,,,,
2023,저학년대회,16강,2023-07-10,조선대,김승호,선발,99,,,,,,
2023,저학년대회,16강,2023-07-10,조선대,이규민,교체,13,,,,,,
2023,저학년대회,16강,2023-07-10,조선대,이동열,선발,48,,,,,,교체 아웃
2023,저학년대회,16강,2023-07-10,조선대,정유찬,선발,99,1,,,,,
2023,저학년대회,8강,2023-07-12,전주대,탁하도,선발,40,,,,,,교체 아웃
2023,저학년대회,8강,2023-07-12,전주대,이찬형,선발,98,,,,,,PSO
2023,저학년대회,8강,2023-07-12,전주대,양한울,선발,63,,,,,,교체 아웃
2023,저학년대회,8강,2023-07-12,전주대,이민재,교체,58,,,,,,PSO X
2023,저학년대회,8강,2023-07-12,전주대,조준현,선발,98,1,,,,,
2023,저학년대회,8강,2023-07-12,전주대,김장우,교체,35,,,,,,PSO
2023,저학년대회,8강,2023-07-12,전주대,레슬리,선발,98,,,,,,PSO X
2023,저학년대회,8강,2023-07-12,전주대,백승민,선발,98,,,,,,선방 1
2023,저학년대회,8강,2023-07-12,전주대,김승호,선발,98,,,,,,PSO
2023,저학년대회,8강,2023-07-12,전주대,이규민,교체,11,,,,,,
2023,저학년대회,8강,2023-07-12,전주대,이동열,선발,87,,,,,,교체 아웃
2023,저학년대회,8강,2023-07-12,전주대,정유찬,선발,98,,,,,,PSO
2023,추계대회,조별리그,2023-08-11,인천대,이산,선발,97,,,,,,
2023,추계대회,조별리그,2023-08-11,인천대,이찬형,선발,97,,,,,,
2023,추계대회,조별리그,2023-08-11,인천대,조승택,선발,97,,,,,,
2023,추계대회,조별리그,2023-08-11,인천대,양한울,교체,10,,,,,,
2023,추계대회,조별리그,2023-08-11,인천대,장재혁,선발,97,,,,,,
2023,추계대회,조별리그,2023-08-11,인천대,김경민,선발,47,,,,,,교체 아웃
2023,추계대회,조별리그,2023-08-11,인천대,이민재,선발,47,,,,,,교체 아웃
2023,추계대회,조별리그,2023-08-11,인천대,조준현,선발,97,1,,,,,
2023,추계대회,조별리그,2023-08-11,인천대,김현민,선발,85,,,,,,교체 아웃
2023,추계대회,조별리그,2023-08-11,인천대,백승민,선발,97,,,,,,
2023,추계대회,조별리그,2023-08-11,인천대,김승호,교체,12,,,,,,
2023,추계대회,조별리그,2023-08-11,인천대,이동열,교체,50,,,,,,
2023,추계대회,조별리그,2023-08-11,인천대,정유찬,교체,3,,,,,,
2023,추계대회,조별리그,2023-08-13,위덕대,이산,선발,79,,,,,,교체 아웃
2023,추계대회,조별리그,2023-08-13,위덕대,이찬형,선발,96,,,,,,
2023,추계대회,조별리그,2023-08-13,위덕대,조승택,선발,96,,,,,,
2023,추계대회,조별리그,2023-08-13,위덕대,양한울,교체,24,,,,,,
2023,추계대회,조별리그,2023-08-13,위덕대,장재혁,선발,96,1,,,1,,
2023,추계대회,조별리그,2023-08-13,위덕대,김경민,선발,62,,,,,,교체 아웃
2023,추계대회,조별리그,2023-08-13,위덕대,이민재,교체,24,,,,,,
2023,추계대회,조별리그,2023-08-13,위덕대,조준현,선발,96,,,,,,
2023,추계대회,조별리그,2023-08-13,위덕대,김현민,선발,46,,,,,,교체 아웃
2023,추계대회,조별리그,2023-08-13,위덕대,백승민,선발,96,,,,,,
2023,추계대회,조별리그,2023-08-13,위덕대,김승호,교체,17,,,,,,
2023,추계대회,조별리그,2023-08-13,위덕대,이동열,선발,85,,,,,,교체 아웃
2023,추계대회,조별리그,2023-08-13,위덕대,정유찬,교체,11,,,,,,
2023,추계대회,조별리그,2023-08-15,군장대,이승훈,선발,92,,,,,,
2023,추계대회,조별리그,2023-08-15,군장대,탁하도,교체,46,,,,,,
2023,추계대회,조별리그,2023-08-15,군장대,양한울,선발,92,,,,,,교체 아웃
2023,추계대회,조별리그,2023-08-15,군장대,김경민,선발,92,4,,,1,,
2023,추계대회,조별리그,2023-08-15,군장대,이민재,선발,46,1,,,,,교체 아웃
2023,추계대회,조별리그,2023-08-15,군장대,김장우,교체,46,1,,,,,
2023,추계대회,조별리그,2023-08-15,군장대,김현민,선발,46,,,,,,교체 아웃
2023,추계대회,조별리그,2023-08-15,군장대,레슬리,선발,92,,,,,,
2023,추계대회,조별리그,2023-08-15,군장대,이민혁,선발,92,,,,,,
2023,추계대회,조별리그,2023-08-15,군장대,김승호,선발,92,,,,,,교체 아웃
2023,추계대회,조별리그,2023-08-15,군장대,정유찬,선발,46,,,,,,교체 아웃
2023,추계대회,16강,2023-08-20,광운대,이산,선발,97,,,,,,
2023,추계대회,16강,2023-08-20,광운대,이찬형,선발,97,,,,,,
2023,추계대회,16강,2023-08-20,광운대,조승택,선발,93,,,,,1,교체 아웃
2023,추계대회,16강,2023-08-20,광운대,양한울,선발,21,,,,,,교체 아웃
2023,추계대회,16강,2023-08-20,광운대,장재혁,선발,97,,,,,,
2023,추계대회,16강,2023-08-20,광운대,김경민,교체,42,,,,,,교체 아웃
2023,추계대회,16강,2023-08-20,광운대,이민재,교체,34,,1,,,,
2023,추계대회,16강,2023-08-20,광운대,조준현,선발,97,,,,,,
2023,추계대회,16강,2023-08-20,광운대,김현민,선발,97,,,,,,
2023,추계대회,16강,2023-08-20,광운대,레슬리,교체,4,,,,,,
2023,추계대회,16강,2023-08-20,광운대,백승민,선발,97,,,,,,
2023,추계대회,16강,2023-08-20,광운대,김승호,교체,11,,,,,,
2023,추계대회,16강,2023-08-20,광운대,이동열,선발,58,,1,,,,교체 아웃
2023,추계대회,8강,2023-08-22,제주국제대,이산,선발,99,,,,,,
2023,추계대회,8강,2023-08-22,제주국제대,이찬형,선발,99,,,,,,
2023,추계대회,8강,2023-08-22,제주국제대,조승택,선발,99,,,,,,
2023,추계대회,8강,2023-08-22,제주국제대,장재혁,선발,99,,,,,,
2023,추계대회,8강,2023-08-22,제주국제대,김경민,선발,39,,,,,,교체 아웃
2023,추계대회,8강,2023-08-22,제주국제대,이민재,교체,60,,1,,,,PSO
2023,추계대회,8강,2023-08-22,제주국제대,조준현,선발,99,1,,,,,PSO X
2023,추계대회,8강,2023-08-22,제주국제대,김현민,선발,98,,,,,,교체 아웃
2023,추계대회,8강,2023-08-22,제주국제대,백승민,선발,99,,,,,,선방 1
2023,추계대회,8강,2023-08-22,제주국제대,김승호,교체,1,,,,,,PSO
2023,추계대회,8강,2023-08-22,제주국제대,이동열,선발,63,,,,,,교체 아웃
2023,U리그,8라운드,2023-09-08,김천대,이산,선발,97,,,,,,
2023,U리그,8라운드,2023-09-08,김천대,이찬형,선발,97,1,,,,,
2023,U리그,8라운드,2023-09-08,김천대,조승택,선발,97,,,,,,
2023,U리그,8라운드,2023-09-08,김천대,양한울,교체,23,,,,,,
2023,U리그,8라운드,2023-09-08,김천대,장재혁,선발,97,,,,,,
2023,U리그,8라운드,2023-09-08,김천대,이민재,선발,95,,,,,,교체 아웃
2023,U리그,8라운드,2023-09-08,김천대,조준현,선발,97,,,,,,
2023,U리그,8라운드,2023-09-08,김천대,김현민,선발,74,,,,,,교체 아웃
2023,U리그,8라운드,2023-09-08,김천대,백승민,선발,97,,,,,,
2023,U리그,8라운드,2023-09-08,김천대,이동열,교체,31,1,,,,,
2023,U리그,8라운드,2023-09-08,김천대,정유찬,교체,23,,,,,,
2023,U리그,9라운드,2023-09-22,제주국제대,이산,선발,94,,,,,,
2023,U리그,9라운드,2023-09-22,제주국제대,이찬형,선발,94,1,,,,,
2023,U리그,9라운드,2023-09-22,제주국제대,조승택,선발,94,,,,,,
2023,U리그,9라운드,2023-09-22,제주국제대,양한울,교체,20,,,,,,
2023,U리그,9라운드,2023-09-22,제주국제대,장재혁,선발,94,,,,,,
2023,U리그,9라운드,2023-09-22,제주국제대,이민재,선발,74,,,,,,교체 아웃
2023,U리그,9라운드,2023-09-22,제주국제대,조준현,선발,91,,,,,,교체 아웃
2023,U리그,9라운드,2023-09-22,제주국제대,김현민,교체,48,,,,,,
2023,U리그,9라운드,2023-09-22,제주국제대,백승민,선발,94,,,,,,
2023,U리그,9라운드,2023-09-22,제주국제대,김승호,선발,46,,,,,,교체 아웃
2023,U리그,9라운드,2023-09-22,제주국제대,이동열,교체,52,,,,,,
2023,U리그,9라운드,2023-09-22,제주국제대,정유찬,교체,3,,,,,,
2023,U리그,10라운드,2023-09-26,한양대,이산,선발,98,,,,,,
2023,U리그,10라운드,2023-09-26,한양대,이찬형,선발,98,,,,,1,
2023,U리그,10라운드,2023-09-26,한양대,조승택,선발,98,,,,,,
2023,U리그,10라운드,2023-09-26,한양대,양한울,교체,1,,,,,,
2023,U리그,10라운드,2023-09-26,한양대,장재혁,선발,98,,,,,,
2023,U리그,10라운드,2023-09-26,한양대,이민재,교체,34,1,,,,,
2023,U리그,10라운드,2023-09-26,한양대,조준현,선발,91,,,,,,교체 아웃
2023,U리그,10라운드,2023-09-26,한양대,김현민,선발,64,,,,,,교체 아웃
2023,U리그,10라운드,2023-09-26,한양대,백승민,선발,98,,,,,,
2023,U리그,10라운드,2023-09-26,한양대,김승호,선발,97,,,,,,교체 아웃
2023,U리그,10라운드,2023-09-26,한양대,이동열,교체,98,,,,,,
2023,U리그,10라운드,2023-09-26,한양대,정유찬,선발,43,,,,,,교체 아웃
2023,U리그,11라운드,2023-10-06,가톨릭관동대,이산,선발,93,,,,,,
2023,U리그,11라운드,2023-10-06,가톨릭관동대,이찬형,선발,93,,,,,,
2023,U리그,11라운드,2023-10-06,가톨릭관동대,조승택,선발,93,,,,,,
2023,U리그,11라운드,2023-10-06,가톨릭관동대,양한울,교체,1,,,,,,
2023,U리그,11라운드,2023-10-06,가톨릭관동대,장재혁,선발,93,,,,,,
2023,U리그,11라운드,2023-10-06,가톨릭관동대,이민재,교체,27,,,,,,
2023,U리그,11라운드,2023-10-06,가톨릭관동대,조준현,선발,84,1,,,,,교체 아웃
2023,U리그,11라운드,2023-10-06,가톨릭관동대,김현민,선발,92,1,,,1,,교체 아웃
2023,U리그,11라운드,2023-10-06,가톨릭관동대,백승민,선발,93,,,,,,
2023,U리그,11라운드,2023-10-06,가톨릭관동대,김승호,선발,66,,,,,,교체 아웃
2023,U리그,11라운드,2023-10-06,가톨릭관동대,이동열,교체,15,,,,,,
2023,U리그,12라운드,2023-10-13,성균관대,탁하도,교체,16,,,,,1,
2023,U리그,12라운드,2023-10-13,성균관대,이산,선발,94,,,,,,
2023,U리그,12라운드,2023-10-13,성균관대,이찬형,선발,94,,,,,,
2023,U리그,12라운드,2023-10-13,성균관대,조승택,선발,94,,,,,,
2023,U리그,12라운드,2023-10-13,성균관대,장재혁,선발,94,,,,,,
2023,U리그,12라운드,2023-10-13,성균관대,이민재,교체,65,2,,,1,,
2023,U리그,12라운드,2023-10-13,성균관대,조준현,선발,94,,,,,,
2023,U리그,12라운드,2023-10-13,성균관대,김현민,선발,94,,,,,,교체 아웃
2023,U리그,12라운드,2023-10-13,성균관대,백승민,선발,94,,,,,,
2023,U리그,12라운드,2023-10-13,성균관대,김승호,선발,93,,,,,,교체 아웃
2023,U리그,13라운드,2023-10-20,상지대,탁하도,교체,9,,,,,,
2023,U리그,13라운드,2023-10-20,상지대,이산,선발,94,,,,,,
2023,U리그,13라운드,2023-10-20,상지대,이찬형,선발,94,,,,,,
2023,U리그,13라운드,2023-10-20,상지대,조승택,선발,94,,,,,,
2023,U리그,13라운드,2023-10-20,상지대,양한울,교체,5,,,,,,
2023,U리그,13라운드,2023-10-20,상지대,장재혁,선발,94,,,,,,
2023,U리그,13라운드,2023-10-20,상지대,이민재,선발,85,1,,,1,,교체 아웃
2023,U리그,13라운드,2023-10-20,상지대,조준현,선발,94,,,,,,
2023,U리그,13라운드,2023-10-20,상지대,김현민,선발,89,,,,,,교체 아웃
2023,U리그,13라운드,2023-10-20,상지대,백승민,선발,94,,,,,,
2023,U리그,13라운드,2023-10-20,상지대,김승호,교체,48,,,,,,
2023,U리그,13라운드,2023-10-20,상지대,이동열,교체,21,,,,,,
2023,U리그,14라운드,2023-10-27,대구대,탁하도,교체,30,,,,,,
2023,U리그,14라운드,2023-10-27,대구대,이산,선발,95,,,,,,
2023,U리그,14라운드,2023-10-27,대구대,이찬형,선발,74,,,,,,교체 아웃
2023,U리그,14라운드,2023-10-27,대구대,조승택,선발,95,,,,,,
2023,U리그,14라운드,2023-10-27,대구대,양한울,교체,48,,,,,,
2023,U리그,14라운드,2023-10-27,대구대,장재혁,선발,47,,,,,,교체 아웃
2023,U리그,14라운드,2023-10-27,대구대,이민재,선발,47,1,,,,,교체 아웃
2023,U리그,14라운드,2023-10-27,대구대,조준현,교체,48,2,,,,,
2023,U리그,14라운드,2023-10-27,대구대,김현민,선발,95,1,,,1,,
2023,U리그,14라운드,2023-10-27,대구대,백승민,선발,95,,,,,,
2023,U리그,14라운드,2023-10-27,대구대,김승호,교체,48,,,,,,
2023,U리그,14라운드,2023-10-27,대구대,이동열,교체,21,,,,,,
2023,U리그,15라운드,2023-10-31,상지대,탁하도,교체,44,,,,,,
2023,U리그,15라운드,2023-10-31,상지대,이산,선발,97,,,,,,
2023,U리그,15라운드,2023-10-31,상지대,조승택,선발,97,1,,,,,
2023,U리그,15라운드,2023-10-31,상지대,양한울,선발,80,,,,,,교체 아웃
2023,U리그,15라운드,2023-10-31,상지대,이민재,선발,69,,,,,,교체 아웃
2023,U리그,15라운드,2023-10-31,상지대,조준현,선발,69,,,,,,교체 아웃
2023,U리그,15라운드,2023-10-31,상지대,김현민,교체,28,1,,,,,
2023,U리그,15라운드,2023-10-31,상지대,백승민,선발,97,,,,,,
2023,U리그,15라운드,2023-10-31,상지대,김승호,선발,88,,,,,,교체 아웃
2023,U리그,15라운드,2023-10-31,상지대,이동열,선발,97,1,,,,,
2023,U리그,15라운드,2023-10-31,상지대,정유찬,선발,53,,,,,,교체 아웃
2023,U리그,16라운드,2023-11-03,단국대,이산,선발,96,,,,,,
2023,U리그,16라운드,2023-11-03,단국대,이찬형,선발,96,,,,,,
2023,U리그,16라운드,2023-11-03,단국대,조승택,선발,96,,,,,,
2023,U리그,16라운드,2023-11-03,단국대,양한울,선발,47,,,,,,교체 아웃
2023,U리그,16라운드,2023-11-03,단국대,이민재,교체,49,,,,,,
2023,U리그,16라운드,2023-11-03,단국대,조준현,교체,49,,,,,,
2023,U리그,16라운드,2023-11-03,단국대,김현민,선발,96,1,,,,,
2023,U리그,16라운드,2023-11-03,단국대,백승민,선발,96,,,,,,
2023,U리그,16라운드,2023-11-03,단국대,김승호,선발,96,,,,,,
2023,U리그,16라운드,2023-11-03,단국대,이동열,교체,48,,,,,1,교체 아웃
2023,왕중왕전,8강,2023-11-14,건국대,이산,선발,96,,,,,,
2023,왕중왕전,8강,2023-11-14,건국대,이찬형,선발,96,,,,,,
2023,왕중왕전,8강,2023-11-14,건국대,조승택,선발,49,,,,,,퇴장
2023,왕중왕전,8강,2023-11-14,건국대,장재혁,교체,49,,,,,,
2023,왕중왕전,8강,2023-11-14,건국대,이민재,선발,88,,,,,,교체 아웃
2023,왕중왕전,8강,2023-11-14,건국대,조준현,선발,96,1,,,,,
2023,왕중왕전,8강,2023-11-14,건국대,김현민,선발,96,,,,,,
2023,왕중왕전,8강,2023-11-14,건국대,백승민,선발,96,,,,,,
2023,왕중왕전,8강,2023-11-14,건국대,김승호,선발,96,,,,,,
2023,왕중왕전,8강,2023-11-14,건국대,이동열,선발,96,,,,,,교체 아웃
2023,왕중왕전,8강,2023-11-14,건국대,정유찬,교체,1,,,,,,
2023,왕중왕전,준결승,2023-11-17,전주대,이산,선발,96,,,,,1,
2023,왕중왕전,준결승,2023-11-17,전주대,이찬형,선발,96,,,,,,PSO
2023,왕중왕전,준결승,2023-11-17,전주대,양한울,교체,6,,,,,,
2023,왕중왕전,준결승,2023-11-17,전주대,장재혁,선발,96,,,,,,
2023,왕중왕전,준결승,2023-11-17,전주대,이민재,교체,60,,,,,,PSO
2023,왕중왕전,준결승,2023-11-17,전주대,조준현,선발,96,,,,,,
2023,왕중왕전,준결승,2023-11-17,전주대,김현민,선발,96,,,,,,PSO
2023,왕중왕전,준결승,2023-11-17,전주대,백승민,선발,96,,,,,,선방 2
2023,왕중왕전,준결승,2023-11-17,전주대,김승호,선발,96,,,,,,PSO X
2023,왕중왕전,준결승,2023-11-17,전주대,이동열,교체,54,1,,,,,교체 아웃
2023,왕중왕전,준결승,2023-11-17,전주대,정유찬,교체,11,,,,,,PSO
2023,왕중왕전,결승,2023-11-23,중앙대,이산,선발,95,,,,,,
2023,왕중왕전,결승,2023-11-23,중앙대,이찬형,선발,95,,,,,,
2023,왕중왕전,결승,2023-11-23,중앙대,조승택,선발,95,,,,,,
2023,왕중왕전,결승,2023-11-23,중앙대,장재혁,선발,95,,,,,1,
2023,왕중왕전,결승,2023-11-23,중앙대,이민재,교체,45,,,,,2,퇴장
2023,왕중왕전,결승,2023-11-23,중앙대,조준현,선발,95,,,,,,
2023,왕중왕전,결승,2023-11-23,중앙대,김현민,선발,95,,,,,,
2023,왕중왕전,결승,2023-11-23,중앙대,백승민,선발,95,,,,,,
2023,왕중왕전,결승,2023-11-23,중앙대,김승호,선발,95,,,,,,
2023,왕중왕전,결승,2023-11-23,중앙대,이동열,교체,29,,,,,,
2024,춘계대회,조별리그,2024-02-13,한남대,이산,선발,96,,,,,,
2024,춘계대회,조별리그,2024-02-13,한남대,이찬형,선발,96,,,,,,
2024,춘계대회,조별리그,2024-02-13,한남대,조우영,선발,96,,,,,,
2024,춘계대회,조별리그,2024-02-13,한남대,김승호,선발,96,,,,,,
2024,춘계대회,조별리그,2024-02-13,한남대,이민재,선발,95,1,,,1,,교체 아웃
2024,춘계대회,조별리그,2024-02-13,한남대,장재혁,선발,96,,,,,,
2024,춘계대회,조별리그,2024-02-13,한남대,이동열,교체,50,,,,,,
2024,춘계대회,조별리그,2024-02-13,한남대,김경민,선발,96,,,,,,
2024,춘계대회,조별리그,2024-02-13,한남대,정유찬,교체,50,,,,,,
2024,춘계대회,조별리그,2024-02-13,한남대,김현민,선발,96,,,,,,
2024,춘계대회,조별리그,2024-02-13,한남대,백승민,선발,96,,,,,,
2024,춘계대회,조별리그,2024-02-13,한남대,탁하도,선발,46,,,,,,교체 아웃
2024,춘계대회,조별리그,2024-02-13,한남대,최병욱,교체,1,,,,,,
2024,춘계대회,조별리그,2024-02-13,한남대,박건희,선발,46,,,,,,교체 아웃
2024,춘계대회,조별리그,2024-02-17,인제대,이산,선발,96,,,,,,
2024,춘계대회,조별리그,2024-02-17,인제대,이찬형,선발,26,,,,,,교체 아웃
2024,춘계대회,조별리그,2024-02-17,인제대,조우영,선발,96,,,,,,
2024,춘계대회,조별리그,2024-02-17,인제대,김승호,선발,96,,,,1,,
2024,춘계대회,조별리그,2024-02-17,인제대,이민재,선발,92,1,,,,,교체 아웃
2024,춘계대회,조별리그,2024-02-17,인제대,장재혁,선발,96,,,,,,
2024,춘계대회,조별리그,2024-02-17,인제대,이동열,선발,96,,,,,,
2024,춘계대회,조별리그,2024-02-17,인제대,김경민,선발,96,,,,,,
2024,춘계대회,조별리그,2024-02-17,인제대,정유찬,선발,47,,,,,,교체 아웃
2024,춘계대회,조별리그,2024-02-17,인제대,김장우,교체,4,,,,,,
2024,춘계대회,조별리그,2024-02-17,인제대,김현민,선발,96,,,,,,
2024,춘계대회,조별리그,2024-02-17,인제대,레슬리,교체,49,,,,,,
2024,춘계대회,조별리그,2024-02-17,인제대,백승민,선발,96,,,,,,
2024,춘계대회,조별리그,2024-02-17,인제대,탁하도,교체,39,,,,,,교체 아웃
2024,춘계대회,조별리그,2024-02-17,인제대,박건희,교체,21,,,,,,교체 아웃
2024,춘계대회,16강,2024-02-21,가톨릭관동대,이산,선발,94,,,,,,
2024,춘계대회,16강,2024-02-21,가톨릭관동대,이찬형,교체,7,,,,,,
2024,춘계대회,16강,2024-02-21,가톨릭관동대,조우영,선발,94,,,,,,
2024,춘계대회,16강,2024-02-21,가톨릭관동대,김승호,선발,94,,,,,,
2024,춘계대회,16강,2024-02-21,가톨릭관동대,이민재,선발,75,,,,,,교체 아웃
2024,춘계대회,16강,2024-02-21,가톨릭관동대,장재혁,선발,94,,,,,,
2024,춘계대회,16강,2024-02-21,가톨릭관동대,이동열,선발,62,,,,,,교체 아웃
2024,춘계대회,16강,2024-02-21,가톨릭관동대,김경민,선발,94,,,,,,
2024,춘계대회,16강,2024-02-21,가톨릭관동대,정유찬,교체,48,,,,,,
2024,춘계대회,16강,2024-02-21,가톨릭관동대,김현민,선발,94,,,,,,
2024,춘계대회,16강,2024-02-21,가톨릭관동대,레슬리,선발,94,,,,,,
2024,춘계대회,16강,2024-02-21,가톨릭관동대,백승민,선발,94,,,,,,
2024,춘계대회,16강,2024-02-21,가톨릭관동대,최병욱,선발,46,,,,,,교체 아웃
2024,춘계대회,16강,2024-02-21,가톨릭관동대,박건희,교체,19,,,,,,
2024,U리그,1라운드,2024-03-29,배재대,이산,선발,93,,,,,,
2024,U리그,1라운드,2024-03-29,배재대,이찬형,선발,93,,,,,,
2024,U리그,1라운드,2024-03-29,배재대,조우영,선발,93,,,,,,
2024,U리그,1라운드,2024-03-29,배재대,김승호,선발,93,,,,,,
2024,U리그,1라운드,2024-03-29,배재대,이민재,선발,93,1,,,1,,
2024,U리그,1라운드,2024-03-29,배재대,장재혁,선발,93,,,,,,
2024,U리그,1라운드,2024-03-29,배재대,김경민,선발,93,,,,,,
2024,U리그,1라운드,2024-03-29,배재대,정유찬,교체,47,,,,,,
2024,U리그,1라운드,2024-03-29,배재대,김현민,선발,93,,,,,,
2024,U리그,1라운드,2024-03-29,배재대,김준하,선발,46,,,,,,교체 아웃
2024,U리그,1라운드,2024-03-29,배재대,백승민,선발,93,,,,,,
2024,U리그,1라운드,2024-03-29,배재대,최병욱,선발,46,,,,,1,교체 아웃
2024,U리그,1라운드,2024-03-29,배재대,박건희,교체,47,,,,,,
2024,U리그,2라운드,2024-04-05,인천대,이산,선발,101,,,,,,
2024,U리그,2라운드,2024-04-05,인천대,이찬형,선발,27,,,,,,교체 아웃
2024,U리그,2라운드,2024-04-05,인천대,조우영,선발,101,1,,,,,
2024,U리그,2라운드,2024-04-05,인천대,김승호,선발,101,,,,,,
2024,U리그,2라운드,2024-04-05,인천대,이민재,선발,92,,,,,,교체 아웃
2024,U리그,2라운드,2024-04-05,인천대,장재혁,선발,101,,,,,,
2024,U리그,2라운드,2024-04-05,인천대,이동열,선발,92,,,,,,교체 아웃
2024,U리그,2라운드,2024-04-05,인천대,김경민,선발,52,,,,,,교체 아웃
2024,U리그,2라운드,2024-04-05,인천대,정유찬,교체,25,,,,,,교체 아웃
2024,U리그,2라운드,2024-04-05,인천대,김장우,교체,9,,,,,,
2024,U리그,2라운드,2024-04-05,인천대,김현민,선발,101,,,,,,
2024,U리그,2라운드,2024-04-05,인천대,김준하,교체,24,,,,,,
2024,U리그,2라운드,2024-04-05,인천대,레슬리,교체,9,,,,,,
2024,U리그,2라운드,2024-04-05,인천대,백승민,선발,101,,,,,,
2024,U리그,2라운드,2024-04-05,인천대,최병욱,교체,49,,,,,,
2024,U리그,2라운드,2024-04-05,인천대,박건희,교체,74,1,,,1,,
2024,U리그,3라운드,2024-04-12,건국대,이산,선발,94,,,,,,
2024,U리그,3라운드,2024-04-12,건국대,이찬형,선발,94,,,,,,
2024,U리그,3라운드,2024-04-12,건국대,조우영,선발,94,,,,,,
2024,U리그,3라운드,2024-04-12,건국대,김승호,선발,94,,,,,,
2024,U리그,3라운드,2024-04-12,건국대,이민재,선발,88,,,,,,교체 아웃
2024,U리그,3라운드,2024-04-12,건국대,장재혁,선발,94,,,,,,
2024,U리그,3라운드,2024-04-12,건국대,이동열,선발,94,,,,,,
2024,U리그,3라운드,2024-04-12,건국대,김경민,선발,74,,,,,,교체 아웃
2024,U리그,3라운드,2024-04-12,건국대,정유찬,교체,20,,,,,,
2024,U리그,3라운드,2024-04-12,건국대,김현민,선발,74,,,,,,교체 아웃
2024,U리그,3라운드,2024-04-12,건국대,김준하,교체,20,,,,,,
2024,U리그,3라운드,2024-04-12,건국대,레슬리,교체,6,,,,,,
2024,U리그,3라운드,2024-04-12,건국대,백승민,선발,94,,,,,,
2024,U리그,3라운드,2024-04-12,건국대,탁하도,교체,6,,,,,,
2024,U리그,3라운드,2024-04-12,건국대,최병욱,교체,42,,,,,,교체 아웃
2024,U리그,3라운드,2024-04-12,건국대,박건희,선발,46,,,,,,교체 아웃
2024,U리그,4라운드,2024-05-03,상지대,국민재,교체,8,,,,,,
2024,U리그,4라운드,2024-05-03,상지대,이산,선발,96,,,,,,
2024,U리그,4라운드,2024-05-03,상지대,이찬형,선발,96,,,,,,
2024,U리그,4라운드,2024-05-03,상지대,김승호,선발,96,,,,,,
2024,U리그,4라운드,2024-05-03,상지대,이민재,선발,96,,,,,,교체 아웃
2024,U리그,4라운드,2024-05-03,상지대,장재혁,선발,96,,,,,,
2024,U리그,4라운드,2024-05-03,상지대,이동열,선발,88,,,,,,교체 아웃
2024,U리그,4라운드,2024-05-03,상지대,정유찬,교체,20,1,,,,,
2024,U리그,4라운드,2024-05-03,상지대,양한울,교체,8,,,,,,
2024,U리그,4라운드,2024-05-03,상지대,김현민,선발,96,,,,,,
2024,U리그,4라운드,2024-05-03,상지대,김준하,선발,88,1,,,1,,교체 아웃
2024,U리그,4라운드,2024-05-03,상지대,레슬리,교체,96,,,,,,
2024,U리그,4라운드,2024-05-03,상지대,백승민,선발,96,,,,,,
2024,U리그,4라운드,2024-05-03,상지대,탁하도,선발,47,,,,,,교체 아웃
2024,U리그,4라운드,2024-05-03,상지대,최병욱,선발,76,,,,,,교체 아웃
2024,U리그,4라운드,2024-05-03,상지대,박건희,교체,49,,,,,,
2024,U리그,5라운드,2024-05-10,명지대,이산,선발,94,,,,,,
2024,U리그,5라운드,2024-05-10,명지대,이찬형,선발,94,,,,,,
2024,U리그,5라운드,2024-05-10,명지대,김승호,선발,90,,,,,,교체 아웃
2024,U리그,5라운드,2024-05-10,명지대,이민재,선발,75,,,,,,교체 아웃
2024,U리그,5라운드,2024-05-10,명지대,장재혁,선발,94,,,,,,
2024,U리그,5라운드,2024-05-10,명지대,이동열,교체,49,,,,,,
2024,U리그,5라운드,2024-05-10,명지대,정유찬,선발,45,,,,,,교체 아웃
2024,U리그,5라운드,2024-05-10,명지대,양한울,교체,19,,,,,,
2024,U리그,5라운드,2024-05-10,명지대,김현민,선발,94,,,,,,
2024,U리그,5라운드,2024-05-10,명지대,김준하,선발,94,1,,,1,,
2024,U리그,5라운드,2024-05-10,명지대,레슬리,교체,49,,,,,1,
2024,U리그,5라운드,2024-05-10,명지대,백승민,선발,94,,,,,,
2024,U리그,5라운드,2024-05-10,명지대,탁하도,선발,45,,,,,,교체 아웃
2024,U리그,5라운드,2024-05-10,명지대,최병욱,선발,67,,,,,,교체 아웃
2024,U리그,5라운드,2024-05-10,명지대,박건희,교체,27,,,,,,
2024,U리그,5라운드,2024-05-10,명지대,안용윤,교체,4,,,,,,
2024,U리그,6라운드,2024-05-17,한남대,이산,선발,97,,,,,,
2024,U리그,6라운드,2024-05-17,한남대,이찬형,선발,97,,,,,,
2024,U리그,6라운드,2024-05-17,한남대,김승호,선발,97,,,,,,
2024,U리그,6라운드,2024-05-17,한남대,이민재,선발,77,,,,,,교체 아웃
2024,U리그,6라운드,2024-05-17,한남대,장재혁,선발,44,,,,,2,퇴장
2024,U리그,6라운드,2024-05-17,한남대,이동열,선발,96,1,,,1,,교체 아웃
2024,U리그,6라운드,2024-05-17,한남대,정유찬,교체,20,,,,,,
2024,U리그,6라운드,2024-05-17,한남대,양한울,선발,32,,,,,,교체 아웃
2024,U리그,6라운드,2024-05-17,한남대,김현민,선발,77,,,,,,교체 아웃
2024,U리그,6라운드,2024-05-17,한남대,김준하,선발,97,,,,,,
2024,U리그,6라운드,2024-05-17,한남대,레슬리,선발,97,,,,,,
2024,U리그,6라운드,2024-05-17,한남대,백승민,선발,97,,,,,,
2024,U리그,6라운드,2024-05-17,한남대,탁하도,교체,1,,,,,,
2024,U리그,6라운드,2024-05-17,한남대,최병욱,교체,64,,,,,,교체 아웃
2024,U리그,6라운드,2024-05-17,한남대,박건희,교체,20,,,,,,
2024,U리그,6라운드,2024-05-17,한남대,안용윤,교체,1,,,,,,
2024,U리그,7라운드,2024-05-24,중앙대,국민재,교체,30,,,,,,
2024,U리그,7라운드,2024-05-24,중앙대,이산,선발,95,,,,,,
2024,U리그,7라운드,2024-05-24,중앙대,이찬형,선발,95,,,,,,
2024,U리그,7라운드,2024-05-24,중앙대,김승호,선발,95,,,,,,
2024,U리그,7라운드,2024-05-24,중앙대,이민재,선발,65,,,,,,교체 아웃
2024,U리그,7라운드,2024-05-24,중앙대,이동열,선발,86,,,,,,교체 아웃
2024,U리그,7라운드,2024-05-24,중앙대,정유찬,교체,49,1,,,1,,
2024,U리그,7라운드,2024-05-24,중앙대,양한울,교체,6,,,,,,
2024,U리그,7라운드,2024-05-24,중앙대,김현민,선발,46,,,,,,교체 아웃
2024,U리그,7라운드,2024-05-24,중앙대,김준하,선발,89,1,,,,,교체 아웃
2024,U리그,7라운드,2024-05-24,중앙대,레슬리,선발,95,,,,,,
2024,U리그,7라운드,2024-05-24,중앙대,백승민,선발,95,,,,,,
2024,U리그,7라운드,2024-05-24,중앙대,탁하도,선발,65,,,,,,교체 아웃
2024,U리그,7라운드,2024-05-24,중앙대,최병욱,선발,46,,,,,,교체 아웃
2024,U리그,7라운드,2024-05-24,중앙대,박건희,교체,49,,,,,,
2024,U리그,7라운드,2024-05-24,중앙대,신승현,교체,9,,,,,,
2024,U리그,7라운드,2024-05-24,중앙대,안용윤,교체,30,,,,,,
2024,U리그,8라운드,2024-05-31,가톨릭관동대,이산,선발,94,,,,,,
2024,U리그,8라운드,2024-05-31,가톨릭관동대,이찬형,선발,94,,,,,,
2024,U리그,8라운드,2024-05-31,가톨릭관동대,김승호,선발,94,,,,,,
2024,U리그,8라운드,2024-05-31,가톨릭관동대,이민재,선발,84,,,,,,교체 아웃
2024,U리그,8라운드,2024-05-31,가톨릭관동대,장재혁,선발,94,,,,,,
2024,U리그,8라운드,2024-05-31,가톨릭관동대,정유찬,선발,94,,,,,,
2024,U리그,8라운드,2024-05-31,가톨릭관동대,양한울,교체,23,,,,,,
2024,U리그,8라운드,2024-05-31,가톨릭관동대,김현민,선발,94,,,,,,
2024,U리그,8라운드,2024-05-31,가톨릭관동대,레슬리,선발,21,,,,,,교체 아웃
2024,U리그,8라운드,2024-05-31,가톨릭관동대,백승민,선발,94,,,,,,
2024,U리그,8라운드,2024-05-31,가톨릭관동대,탁하도,선발,94,,,,,,
2024,U리그,8라운드,2024-05-31,가톨릭관동대,박건희,선발,71,,,,,,교체 아웃
2024,U리그,8라운드,2024-05-31,가톨릭관동대,신승현,교체,10,,,,,,
2024,U리그,8라운드,2024-05-31,가톨릭관동대,안용윤,교체,73,,,,,,
2024,U리그,9라운드,2024-06-07,배재대,국민재,교체,28,,,,,,
2024,U리그,9라운드,2024-06-07,배재대,이산,선발,94,,,,,,
2024,U리그,9라운드,2024-06-07,배재대,이찬형,선발,94,,,,,,
2024,U리그,9라운드,2024-06-07,배재대,김승호,선발,94,,,,,,
2024,U리그,9라운드,2024-06-07,배재대,이민재,선발,90,,,,,,교체 아웃
2024,U리그,9라운드,2024-06-07,배재대,장재혁,선발,94,,,,,,
2024,U리그,9라운드,2024-06-07,배재대,정유찬,선발,66,1,,,,,교체 아웃
2024,U리그,9라운드,2024-06-07,배재대,양한울,교체,28,,,,,,
2024,U리그,9라운드,2024-06-07,배재대,김장우,교체,13,,,,,,
2024,U리그,9라운드,2024-06-07,배재대,김현민,선발,90,,,,,,교체 아웃
2024,U리그,9라운드,2024-06-07,배재대,레슬리,교체,4,,,,,,
2024,U리그,9라운드,2024-06-07,배재대,백승민,선발,94,,,,,,
2024,U리그,9라운드,2024-06-07,배재대,탁하도,선발,66,,,,,,교체 아웃
2024,U리그,9라운드,2024-06-07,배재대,박건희,선발,46,,,,,,교체 아웃
2024,U리그,9라운드,2024-06-07,배재대,신승현,교체,35,1,,,1,,교체 아웃
2024,U리그,9라운드,2024-06-07,배재대,안용윤,선발,81,,,,,,교체 아웃
2024,U리그,10라운드,2024-06-14,인천대,국민재,교체,37,,,,,,
2024,U리그,10라운드,2024-06-14,인천대,이산,선발,101,,,,,,
2024,U리그,10라운드,2024-06-14,인천대,이찬형,선발,101,,,,,,
2024,U리그,10라운드,2024-06-14,인천대,조우영,선발,76,,,,,1,교체 아웃
2024,U리그,10라운드,2024-06-14,인천대,김승호,선발,101,,,,,,
2024,U리그,10라운드,2024-06-14,인천대,이민재,선발,49,,,,,,교체 아웃
2024,U리그,10라운드,2024-06-14,인천대,장재혁,선발,101,,,,,,
2024,U리그,10라운드,2024-06-14,인천대,정유찬,교체,19,,,,,,교체 아웃
2024,U리그,10라운드,2024-06-14,인천대,양한울,선발,49,,,,,,교체 아웃
2024,U리그,10라운드,2024-06-14,인천대,김장우,선발,76,1,,,1,1,교체 아웃
2024,U리그,10라운드,2024-06-14,인천대,김현민,선발,101,,,,,,
2024,U리그,10라운드,2024-06-14,인천대,레슬리,교체,6,,,,,,
2024,U리그,10라운드,2024-06-14,인천대,백승민,선발,101,,,,,,
2024,U리그,10라운드,2024-06-14,인천대,탁하도,선발,64,,,,,,교체 아웃
2024,U리그,10라운드,2024-06-14,인천대,박건희,교체,52,,,,,,
2024,U리그,10라운드,2024-06-14,인천대,신승현,교체,6,,,,,,
2024,U리그,10라운드,2024-06-14,인천대,안용윤,교체,52,,,,,,
2024,저학년대회,조별리그,2024-07-03,건국대,국민재,선발,95,,,,,,
2024,저학년대회,조별리그,2024-07-03,건국대,이찬형,선발,95,,,,,,
2024,저학년대회,조별리그,2024-07-03,건국대,조우영,선발,95,,,,,1,
2024,저학년대회,조별리그,2024-07-03,건국대,이동열,선발,94,,,,,,교체 아웃
2024,저학년대회,조별리그,2024-07-03,건국대,정유찬,선발,65,,,,,,교체 아웃
2024,저학년대회,조별리그,2024-07-03,건국대,양한울,선발,95,,,,,,
2024,저학년대회,조별리그,2024-07-03,건국대,김준하,선발,95,1,,,,,
2024,저학년대회,조별리그,2024-07-03,건국대,레슬리,선발,95,,,,,,
2024,저학년대회,조별리그,2024-07-03,건국대,최병욱,교체,30,,,,,,
2024,저학년대회,조별리그,2024-07-03,건국대,박건희,선발,65,,,,,1,교체 아웃
2024,저학년대회,조별리그,2024-07-03,건국대,신승현,교체,30,1,,,1,,
2024,저학년대회,조별리그,2024-07-03,건국대,이승훈,선발,95,,,,,,
2024,저학년대회,조별리그,2024-07-03,건국대,안용윤,선발,95,,,,,,
2024,저학년대회,조별리그,2024-07-03,건국대,이민혁,교체,1,,,,,,
2024,저학년대회,조별리그,2024-07-05,국제사이버대,국민재,선발,95,,,,,,
2024,저학년대회,조별리그,2024-07-05,국제사이버대,이찬형,선발,95,,,,,,
2024,저학년대회,조별리그,2024-07-05,국제사이버대,조우영,선발,77,,,,,,교체 아웃
2024,저학년대회,조별리그,2024-07-05,국제사이버대,이동열,선발,84,1,,,,,교체 아웃
2024,저학년대회,조별리그,2024-07-05,국제사이버대,정유찬,선발,95,1,,,,,
2024,저학년대회,조별리그,2024-07-05,국제사이버대,양한울,선발,48,,,,,,교체 아웃
2024,저학년대회,조별리그,2024-07-05,국제사이버대,김준하,선발,95,1,,,,,
2024,저학년대회,조별리그,2024-07-05,국제사이버대,레슬리,선발,95,,,,,,
2024,저학년대회,조별리그,2024-07-05,국제사이버대,최병욱,교체,62,1,,,1,,
2024,저학년대회,조별리그,2024-07-05,국제사이버대,이규민,교체,47,,,,,,
2024,저학년대회,조별리그,2024-07-05,국제사이버대,박건희,선발,33,,,,,,교체 아웃
2024,저학년대회,조별리그,2024-07-05,국제사이버대,신승현,교체,62,,,,,,
2024,저학년대회,조별리그,2024-07-05,국제사이버대,이승훈,선발,95,,,,,,
2024,저학년대회,조별리그,2024-07-05,국제사이버대,안용윤,선발,33,,,,,,교체 아웃
2024,저학년대회,조별리그,2024-07-05,국제사이버대,이민혁,교체,11,,,,,,
2024,저학년대회,조별리그,2024-07-07,광운대,국민재,선발,95,,,,,,
2024,저학년대회,조별리그,2024-07-07,광운대,이찬형,선발,95,,,,,,
2024,저학년대회,조별리그,2024-07-07,광운대,이동열,선발,95,,,,,,
2024,저학년대회,조별리그,2024-07-07,광운대,정유찬,교체,57,1,,,,,
2024,저학년대회,조별리그,2024-07-07,광운대,양한울,선발,38,,,,,,교체 아웃
2024,저학년대회,조별리그,2024-07-07,광운대,김준하,교체,57,,,,,,
2024,저학년대회,조별리그,2024-07-07,광운대,레슬리,선발,95,,,,,,
2024,저학년대회,조별리그,2024-07-07,광운대,최병욱,선발,95,,,,,,
2024,저학년대회,조별리그,2024-07-07,광운대,이규민,선발,38,,,,,,교체 아웃
2024,저학년대회,조별리그,2024-07-07,광운대,박건희,교체,57,,,,,,
2024,저학년대회,조별리그,2024-07-07,광운대,신승현,선발,38,,,,,,교체 아웃
2024,저학년대회,조별리그,2024-07-07,광운대,이승훈,선발,95,,,,1,,
2024,저학년대회,조별리그,2024-07-07,광운대,안용윤,선발,95,,,,,,
2024,저학년대회,조별리그,2024-07-07,광운대,이민혁,교체,22,,,,,,
2024,저학년대회,16강,2024-07-09,김해대,국민재,선발,93,,,,,,
2024,저학년대회,16강,2024-07-09,김해대,이찬형,선발,76,,,,,,교체 아웃
2024,저학년대회,16강,2024-07-09,김해대,조우영,선발,93,,1,,,,
2024,저학년대회,16강,2024-07-09,김해대,이동열,선발,63,1,1,,,,교체 아웃
2024,저학년대회,16강,2024-07-09,김해대,정유찬,선발,63,2,,,1,,교체 아웃
2024,저학년대회,16강,2024-07-09,김해대,양한울,선발,24,,,,,,교체 아웃
2024,저학년대회,16강,2024-07-09,김해대,김준하,선발,47,,1,,,,교체 아웃
2024,저학년대회,16강,2024-07-09,김해대,레슬리,선발,76,,,,,,교체 아웃
2024,저학년대회,16강,2024-07-09,김해대,최병욱,선발,47,1,1,,,,교체 아웃
2024,저학년대회,16강,2024-07-09,김해대,이규민,교체,32,,,,,,
2024,저학년대회,16강,2024-07-09,김해대,박건희,교체,69,,,,,,
2024,저학년대회,16강,2024-07-09,김해대,신승현,교체,46,1,,,,,
2024,저학년대회,16강,2024-07-09,김해대,이승훈,선발,93,,,,,,
2024,저학년대회,16강,2024-07-09,김해대,안용윤,선발,93,,,,,,
2024,저학년대회,16강,2024-07-09,김해대,이민혁,교체,32,,,,,,
2024,저학년대회,8강,2024-07-11,단국대,국민재,선발,95,,,,,,
2024,저학년대회,8강,2024-07-11,단국대,이찬형,선발,95,,,,,,
2024,저학년대회,8강,2024-07-11,단국대,조우영,선발,95,,,,,,
2024,저학년대회,8강,2024-07-11,단국대,이동열,선발,95,,,,,,
2024,저학년대회,8강,2024-07-11,단국대,정유찬,선발,95,2,1,,1,,
2024,저학년대회,8강,2024-07-11,단국대,양한울,교체,13,,,,,,교체 아웃
2024,저학년대회,8강,2024-07-11,단국대,김준하,선발,95,1,,,,,
2024,저학년대회,8강,2024-07-11,단국대,레슬리,선발,95,,,,,,
2024,저학년대회,8강,2024-07-11,단국대,최병욱,선발,95,,1,,,,
2024,저학년대회,8강,2024-07-11,단국대,박건희,선발,72,,,,,,교체 아웃
2024,저학년대회,8강,2024-07-11,단국대,이승훈,선발,95,,,,,,
2024,저학년대회,8강,2024-07-11,단국대,안용윤,선발,95,,,,,,
2024,저학년대회,4강,2024-07-13,동명대,국민재,선발,98,,,,,,
2024,저학년대회,4강,2024-07-13,동명대,이찬형,선발,98,,,,,,
2024,저학년대회,4강,2024-07-13,동명대,조우영,선발,98,,,,,,
2024,저학년대회,4강,2024-07-13,동명대,이동열,선발,98,,,,,1,
2024,저학년대회,4강,2024-07-13,동명대,정유찬,선발,98,,,,,,
2024,저학년대회,4강,2024-07-13,동명대,김준하,교체,85,1,1,,,1,
2024,저학년대회,4강,2024-07-13,동명대,레슬리,선발,98,,,,,,
2024,저학년대회,4강,2024-07-13,동명대,최병욱,선발,98,,,,,,
2024,저학년대회,4강,2024-07-13,동명대,박건희,선발,98,1,,,,,
2024,저학년대회,4강,2024-07-13,동명대,이승훈,선발,98,,,,,,
2024,저학년대회,4강,2024-07-13,동명대,안용윤,선발,98,,,,,,
2024,저학년대회,4강,2024-07-13,동명대,이민혁,선발,13,,,,,,교체 아웃
2024,저학년대회,4강,2024-07-13,동명대,박건희,선발,87,1,,,,,교체 아웃
2024,추계대회,조별리그,2024-08-10,초당대,국민재,교체,12,1,,,,,
2024,추계대회,조별리그,2024-08-10,초당대,이산,선발,95,,,,,,
2024,추계대회,조별리그,2024-08-10,초당대,이찬형,선발,95,1,,,1,,
2024,추계대회,조별리그,2024-08-10,초당대,조우영,선발,89,,,,,,교체 아웃
2024,추계대회,조별리그,2024-08-10,초당대,김승호,선발,95,,,,,,
2024,추계대회,조별리그,2024-08-10,초당대,이민재,선발,47,,,,,,교체 아웃
2024,추계대회,조별리그,2024-08-10,초당대,장재혁,선발,95,,,,,,
2024,추계대회,조별리그,2024-08-10,초당대,이동열,교체,27,,,,,,
2024,추계대회,조별리그,2024-08-10,초당대,김경민,교체,48,,,,,,
2024,추계대회,조별리그,2024-08-10,초당대,정유찬,선발,68,,,,,,교체 아웃
2024,추계대회,조별리그,2024-08-10,초당대,김장우,교체,6,,,,,,
2024,추계대회,조별리그,2024-08-10,초당대,김현민,선발,83,1,,,,,교체 아웃
2024,추계대회,조별리그,2024-08-10,초당대,김준하,선발,68,1,,,,,교체 아웃
2024,추계대회,조별리그,2024-08-10,초당대,백승민,선발,95,,,,,,
2024,추계대회,조별리그,2024-08-10,초당대,탁하도,선발,47,,,,,,교체 아웃
2024,추계대회,조별리그,2024-08-10,초당대,최병욱,교체,27,,,,,,
2024,추계대회,조별리그,2024-08-10,초당대,안용윤,교체,42,,,,,,교체 아웃
2024,추계대회,조별리그,2024-08-12,제주한라대,국민재,선발,47,,,,,,교체 아웃
2024,추계대회,조별리그,2024-08-12,제주한라대,이산,선발,79,,,,,,교체 아웃
2024,추계대회,조별리그,2024-08-12,제주한라대,이찬형,선발,95,,,,,,
2024,추계대회,조별리그,2024-08-12,제주한라대,조우영,선발,95,,,,,,
2024,추계대회,조별리그,2024-08-12,제주한라대,김승호,선발,83,,,,,,교체 아웃
2024,추계대회,조별리그,2024-08-12,제주한라대,이민재,교체,48,2,,,,,
2024,추계대회,조별리그,2024-08-12,제주한라대,장재혁,선발,95,1,,,,,
2024,추계대회,조별리그,2024-08-12,제주한라대,이동열,선발,69,,,,,,교체 아웃
2024,추계대회,조별리그,2024-08-12,제주한라대,김경민,선발,47,1,,,1,,교체 아웃
2024,추계대회,조별리그,2024-08-12,제주한라대,정유찬,교체,48,,,,,,
2024,추계대회,조별리그,2024-08-12,제주한라대,김현민,선발,47,,,,,,교체 아웃
2024,추계대회,조별리그,2024-08-12,제주한라대,김준하,교체,48,,,,,,
2024,추계대회,조별리그,2024-08-12,제주한라대,백승민,선발,95,,,,,,
2024,추계대회,조별리그,2024-08-12,제주한라대,탁하도,교체,26,,,,,,
2024,추계대회,조별리그,2024-08-12,제주한라대,최병욱,선발,47,,,,,1,교체 아웃
2024,추계대회,조별리그,2024-08-12,제주한라대,안용윤,교체,48,,,,,,
2024,추계대회,16강,2024-08-18,김해대,국민재,선발,98,,,,,,
2024,추계대회,16강,2024-08-18,김해대,이산,선발,98,,,,,,
2024,추계대회,16강,2024-08-18,김해대,이찬형,선발,98,,,,,,PSO
2024,추계대회,16강,2024-08-18,김해대,조우영,선발,98,,,,,,
2024,추계대회,16강,2024-08-18,김해대,김승호,선발,68,,,,,,교체 아웃
2024,추계대회,16강,2024-08-18,김해대,이민재,교체,50,,,,,,PSO
2024,추계대회,16강,2024-08-18,김해대,장재혁,선발,98,,,,,,
2024,추계대회,16강,2024-08-18,김해대,이동열,선발,81,,,,,,교체 아웃
2024,추계대회,16강,2024-08-18,김해대,김경민,선발,48,,,,,,교체 아웃
2024,추계대회,16강,2024-08-18,김해대,정유찬,선발,68,,,,,,교체 아웃
2024,추계대회,16강,2024-08-18,김해대,김장우,교체,17,,,,,,PSO
2024,추계대회,16강,2024-08-18,김해대,김현민,선발,48,,,,,,교체 아웃
2024,추계대회,16강,2024-08-18,김해대,김준하,교체,50,,,,,,PSO
2024,추계대회,16강,2024-08-18,김해대,백승민,선발,98,,,,1,,선방 1
2024,추계대회,16강,2024-08-18,김해대,최병욱,교체,30,,,,,,PSO
2024,추계대회,16강,2024-08-18,김해대,안용윤,교체,30,,,,,,
2024,추계대회,8강,2024-08-20,성균관대,국민재,선발,97,,,,,,
2024,추계대회,8강,2024-08-20,성균관대,이산,선발,97,,,,,,
2024,추계대회,8강,2024-08-20,성균관대,이찬형,선발,97,,,,,,
2024,추계대회,8강,2024-08-20,성균관대,조우영,선발,97,,,,,,
2024,추계대회,8강,2024-08-20,성균관대,김승호,선발,96,,,,,1,교체 아웃
2024,추계대회,8강,2024-08-20,성균관대,이민재,교체,38,,,,,,PSO
2024,추계대회,8강,2024-08-20,성균관대,장재혁,선발,97,,,,,,
2024,추계대회,8강,2024-08-20,성균관대,이동열,선발,47,,,,,,교체 아웃
2024,추계대회,8강,2024-08-20,성균관대,김경민,선발,47,,,,,,교체 아웃
2024,추계대회,8강,2024-08-20,성균관대,정유찬,교체,50,,,,,,PSO
2024,추계대회,8강,2024-08-20,성균관대,김장우,교체,1,,,,,,
2024,추계대회,8강,2024-08-20,성균관대,김현민,교체,50,,,,,,PSO
2024,추계대회,8강,2024-08-20,성균관대,김준하,교체,50,,,,,,
2024,추계대회,8강,2024-08-20,성균관대,백승민,선발,97,,,,1,,선방 3
2024,추계대회,8강,2024-08-20,성균관대,최병욱,선발,59,,,,,,교체 아웃
2024,추계대회,8강,2024-08-20,성균관대,안용윤,선발,47,,,,,,교체 아웃
2024,추계대회,4강,2024-08-22,동아대,국민재,선발,47,,,,,,교체 아웃
2024,추계대회,4강,2024-08-22,동아대,이산,선발,95,,,,,,
2024,추계대회,4강,2024-08-22,동아대,이찬형,선발,95,,,,,,PSO
2024,추계대회,4강,2024-08-22,동아대,조우영,선발,95,,,,,,
2024,추계대회,4강,2024-08-22,동아대,김승호,선발,95,,,,,,PSO X
2024,추계대회,4강,2024-08-22,동아대,이민재,선발,47,,,,,,교체 아웃
2024,추계대회,4강,2024-08-22,동아대,장재혁,선발,95,,,,,,
2024,추계대회,4강,2024-08-22,동아대,이동열,교체,48,,,,,,
2024,추계대회,4강,2024-08-22,동아대,김경민,선발,47,,,,,,교체 아웃
2024,추계대회,4강,2024-08-22,동아대,정유찬,교체,48,,,,,,PSO
2024,추계대회,4강,2024-08-22,동아대,김현민,선발,95,,,,,,PSO
2024,추계대회,4강,2024-08-22,동아대,김준하,선발,72,,,,,,교체 아웃
2024,추계대회,4강,2024-08-22,동아대,백승민,선발,95,,,,,,선방 1
2024,추계대회,4강,2024-08-22,동아대,최병욱,교체,23,,,,,,PSO X
2024,추계대회,4강,2024-08-22,동아대,안용윤,교체,48,,,,,,
2024,U리그,11라운드,2024-09-06,건국대,국민재,선발,49,,,,,,교체 아웃
2024,U리그,11라운드,2024-09-06,건국대,이산,선발,99,,,,,,
2024,U리그,11라운드,2024-09-06,건국대,이찬형,선발,99,,,,,,
2024,U리그,11라운드,2024-09-06,건국대,조우영,선발,99,,,,,,
2024,U리그,11라운드,2024-09-06,건국대,김승호,교체,50,1,,,,,
2024,U리그,11라운드,2024-09-06,건국대,이민재,선발,49,,,,,,교체 아웃
2024,U리그,11라운드,2024-09-06,건국대,장재혁,선발,99,,,,,,
2024,U리그,11라운드,2024-09-06,건국대,이동열,선발,61,,,,,,교체 아웃
2024,U리그,11라운드,2024-09-06,건국대,김경민,선발,49,,,,,,교체 아웃
2024,U리그,11라운드,2024-09-06,건국대,정유찬,교체,38,,,,,,
2024,U리그,11라운드,2024-09-06,건국대,김장우,교체,18,,,,,,
2024,U리그,11라운드,2024-09-06,건국대,김현민,선발,81,,,,,,교체 아웃
2024,U리그,11라운드,2024-09-06,건국대,김준하,선발,99,1,,,,,
2024,U리그,11라운드,2024-09-06,건국대,백승민,선발,99,,,,,,
2024,U리그,11라운드,2024-09-06,건국대,최병욱,교체,50,1,,,1,,
2024,U리그,11라운드,2024-09-06,건국대,안용윤,교체,50,,,,,,
2024,U리그,12라운드,2024-09-27,상지대,국민재,교체,26,,,,,,
2024,U리그,12라운드,2024-09-27,상지대,이산,선발,95,,,,,,교체 아웃
2024,U리그,12라운드,2024-09-27,상지대,이찬형,선발,96,,,,,,
2024,U리그,12라운드,2024-09-27,상지대,조우영,선발,96,,,,,,
2024,U리그,12라운드,2024-09-27,상지대,김승호,선발,95,,,,,,교체 아웃
2024,U리그,12라운드,2024-09-27,상지대,이민재,선발,56,,,,,,교체 아웃
2024,U리그,12라운드,2024-09-27,상지대,장재혁,선발,96,,,,,,
2024,U리그,12라운드,2024-09-27,상지대,이동열,선발,56,,,,,,교체 아웃
2024,U리그,12라운드,2024-09-27,상지대,김경민,선발,70,,,,,,교체 아웃
2024,U리그,12라운드,2024-09-27,상지대,정유찬,교체,40,,,,,,
2024,U리그,12라운드,2024-09-27,상지대,김장우,교체,26,2,,,1,,
2024,U리그,12라운드,2024-09-27,상지대,김현민,선발,70,1,,,,,교체 아웃
2024,U리그,12라운드,2024-09-27,상지대,김준하,교체,40,1,,,,,
2024,U리그,12라운드,2024-09-27,상지대,백승민,선발,96,,,,,,
2024,U리그,12라운드,2024-09-27,상지대,탁하도,교체,1,,,,,,
2024,U리그,12라운드,2024-09-27,상지대,최병욱,교체,40,,,,,,
2024,U리그,12라운드,2024-09-27,상지대,안용윤,선발,56,,,,,,교체 아웃
2024,U리그,13라운드,2024-10-04,명지대,이산,선발,94,,,,,,
2024,U리그,13라운드,2024-10-04,명지대,이찬형,선발,94,,,,,,
2024,U리그,13라운드,2024-10-04,명지대,조우영,선발,94,,,,,,
2024,U리그,13라운드,2024-10-04,명지대,김승호,선발,94,,,,,1,
2024,U리그,13라운드,2024-10-04,명지대,이민재,선발,46,,,,,,교체 아웃
2024,U리그,13라운드,2024-10-04,명지대,장재혁,선발,94,,,,,,
2024,U리그,13라운드,2024-10-04,명지대,이동열,선발,74,,,,,,교체 아웃
2024,U리그,13라운드,2024-10-04,명지대,김경민,선발,74,1,,,1,,교체 아웃
2024,U리그,13라운드,2024-10-04,명지대,정유찬,교체,10,,,,,,
2024,U리그,13라운드,2024-10-04,명지대,김장우,교체,20,,,,,,
2024,U리그,13라운드,2024-10-04,명지대,김현민,선발,84,1,,,,,교체 아웃
2024,U리그,13라운드,2024-10-04,명지대,김준하,교체,48,1,,,,,
2024,U리그,13라운드,2024-10-04,명지대,백승민,선발,94,,,,,,
2024,U리그,13라운드,2024-10-04,명지대,탁하도,선발,69,,,,,,교체 아웃
2024,U리그,13라운드,2024-10-04,명지대,최병욱,교체,20,,,,,,
2024,U리그,13라운드,2024-10-04,명지대,안용윤,교체,25,,,,,,
2024,U리그,14라운드,2024-10-18,한남대,국민재,선발,61,,,,,,교체 아웃
2024,U리그,14라운드,2024-10-18,한남대,이산,선발,46,,,,,,교체 아웃
2024,U리그,14라운드,2024-10-18,한남대,이찬형,선발,94,,,,,,
2024,U리그,14라운드,2024-10-18,한남대,조우영,선발,94,,,,,,
2024,U리그,14라운드,2024-10-18,한남대,김승호,선발,26,,,,,,교체 아웃
2024,U리그,14라운드,2024-10-18,한남대,이민재,교체,0,,,,,,교체 아웃
2024,U리그,14라운드,2024-10-18,한남대,장재혁,선발,94,,,,,1,
2024,U리그,14라운드,2024-10-18,한남대,이동열,선발,46,,,,,,교체 아웃
2024,U리그,14라운드,2024-10-18,한남대,김경민,선발,94,,,,,,
2024,U리그,14라운드,2024-10-18,한남대,정유찬,교체,33,,,,,,
2024,U리그,14라운드,2024-10-18,한남대,김장우,교체,48,,,,,,
2024,U리그,14라운드,2024-10-18,한남대,김현민,선발,46,,,,,,교체 아웃
2024,U리그,14라운드,2024-10-18,한남대,김준하,선발,94,,,,,,
2024,U리그,14라운드,2024-10-18,한남대,백승민,선발,94,,,,,,
2024,U리그,14라운드,2024-10-18,한남대,최병욱,교체,68,,,,,,
2024,U리그,14라운드,2024-10-18,한남대,안용윤,교체,48,,,,,,
2024,U리그,15라운드,2024-10-25,중앙대,국민재,교체,49,,,,,,
2024,U리그,15라운드,2024-10-25,중앙대,이산,선발,96,,,,,,
2024,U리그,15라운드,2024-10-25,중앙대,이찬형,선발,96,1,,,1,,
2024,U리그,15라운드,2024-10-25,중앙대,조우영,선발,96,,,,,,
2024,U리그,15라운드,2024-10-25,중앙대,김승호,선발,96,,,,,,
2024,U리그,15라운드,2024-10-25,중앙대,이민재,선발,47,,,,,,교체 아웃
2024,U리그,15라운드,2024-10-25,중앙대,장재혁,선발,96,,,,,1,
2024,U리그,15라운드,2024-10-25,중앙대,이동열,선발,62,1,,,,,교체 아웃
2024,U리그,15라운드,2024-10-25,중앙대,김경민,선발,47,,,,,,교체 아웃
2024,U리그,15라운드,2024-10-25,중앙대,정유찬,교체,34,,,,,,
2024,U리그,15라운드,2024-10-25,중앙대,김장우,교체,7,,,,,,
2024,U리그,15라운드,2024-10-25,중앙대,김현민,선발,62,,,,,,교체 아웃
2024,U리그,15라운드,2024-10-25,중앙대,김준하,선발,89,,,,,,교체 아웃
2024,U리그,15라운드,2024-10-25,중앙대,백승민,선발,96,,,,,,
2024,U리그,15라운드,2024-10-25,중앙대,최병욱,교체,49,,,,,,
2024,U리그,15라운드,2024-10-25,중앙대,안용윤,교체,34,,,,,,
2024,U리그,16라운드,2024-11-01,가톨릭관동대,국민재,교체,32,,,,,,
2024,U리그,16라운드,2024-11-01,가톨릭관동대,이산,선발,95,,,,,,
2024,U리그,16라운드,2024-11-01,가톨릭관동대,이찬형,선발,95,,,,,,
2024,U리그,16라운드,2024-11-01,가톨릭관동대,조우영,선발,95,,,,,,
2024,U리그,16라운드,2024-11-01,가톨릭관동대,김승호,선발,95,,,,,1,
2024,U리그,16라운드,2024-11-01,가톨릭관동대,이민재,선발,46,,,,,,교체 아웃
2024,U리그,16라운드,2024-11-01,가톨릭관동대,이동열,선발,86,1,,,1,1,교체 아웃
2024,U리그,16라운드,2024-11-01,가톨릭관동대,김경민,선발,63,,,,,,교체 아웃
2024,U리그,16라운드,2024-11-01,가톨릭관동대,정유찬,선발,60,,,,,,교체 아웃
2024,U리그,16라운드,2024-11-01,가톨릭관동대,김장우,교체,9,,,,,,
2024,U리그,16라운드,2024-11-01,가톨릭관동대,김현민,선발,95,,,,,,
2024,U리그,16라운드,2024-11-01,가톨릭관동대,김준하,교체,49,1,,,,,
2024,U리그,16라운드,2024-11-01,가톨릭관동대,백승민,선발,95,,,,,,
2024,U리그,16라운드,2024-11-01,가톨릭관동대,탁하도,교체,9,,,,,,
2024,U리그,16라운드,2024-11-01,가톨릭관동대,최병욱,교체,35,,,,,,
2024,U리그,16라운드,2024-11-01,가톨릭관동대,안용윤,선발,86,,,,,,교체 아웃
2024,왕중왕전,8강,2024-11-11,울산대,국민재,교체,49,,,,,,
2024,왕중왕전,8강,2024-11-11,울산대,이산,선발,95,,,,,,
2024,왕중왕전,8강,2024-11-11,울산대,이찬형,선발,95,,,,,,
2024,왕중왕전,8강,2024-11-11,울산대,조우영,선발,95,,,,,,
2024,왕중왕전,8강,2024-11-11,울산대,김승호,선발,70,,,,,,교체 아웃
2024,왕중왕전,8강,2024-11-11,울산대,이민재,교체,68,,,,,,
2024,왕중왕전,8강,2024-11-11,울산대,장재혁,선발,95,,,,,,
2024,왕중왕전,8강,2024-11-11,울산대,이동열,선발,46,,,,,,교체 아웃
2024,왕중왕전,8강,2024-11-11,울산대,김경민,선발,27,,,,,,교체 아웃
2024,왕중왕전,8강,2024-11-11,울산대,정유찬,교체,68,,,,,,
2024,왕중왕전,8강,2024-11-11,울산대,김장우,교체,25,,,,,,
2024,왕중왕전,8강,2024-11-11,울산대,김현민,선발,95,,,,,,
2024,왕중왕전,8강,2024-11-11,울산대,김준하,교체,68,,,,,,
2024,왕중왕전,8강,2024-11-11,울산대,백승민,선발,95,,,,,,
2024,왕중왕전,8강,2024-11-11,울산대,최병욱,선발,27,,,,,,교체 아웃
2024,왕중왕전,8강,2024-11-11,울산대,안용윤,선발,27,,,,,,교체 아웃
2025,춘계대회,조별리그,2025-02-15,용인대,이승훈,선발,94,,,,,,
2025,춘계대회,조별리그,2025-02-15,용인대,국민재,선발,94,,,,,,
2025,춘계대회,조별리그,2025-02-15,용인대,조우영,선발,94,,,,,,
2025,춘계대회,조별리그,2025-02-15,용인대,조승택,선발,94,,,,,,
2025,춘계대회,조별리그,2025-02-15,용인대,김장우,선발,94,1,,,1,1,
2025,춘계대회,조별리그,2025-02-15,용인대,신중건,교체,1,,,,,,
2025,춘계대회,조별리그,2025-02-15,용인대,이민재,선발,93,,,,,,교체 아웃
2025,춘계대회,조별리그,2025-02-15,용인대,양한울,선발,73,,,,,,교체 아웃
2025,춘계대회,조별리그,2025-02-15,용인대,신승현,교체,8,,,,,,
2025,춘계대회,조별리그,2025-02-15,용인대,탁하도,선발,93,,,,,,교체 아웃
2025,춘계대회,조별리그,2025-02-15,용인대,김승호,선발,94,,,,,1,
2025,춘계대회,조별리그,2025-02-15,용인대,현대호,선발,86,,,,,,교체 아웃
2025,춘계대회,조별리그,2025-02-15,용인대,안용윤,선발,94,,,,,,
2025,춘계대회,조별리그,2025-02-15,용인대,박건희,교체,21,,,,,,
2025,춘계대회,조별리그,2025-02-17,배재대,이승훈,선발,95,,,,,,
2025,춘계대회,조별리그,2025-02-17,배재대,국민재,선발,95,,,,,,
2025,춘계대회,조별리그,2025-02-17,배재대,조우영,선발,95,,,,,,
2025,춘계대회,조별리그,2025-02-17,배재대,조승택,선발,95,,,,,,
2025,춘계대회,조별리그,2025-02-17,배재대,이민혁,교체,16,,,,,,
2025,춘계대회,조별리그,2025-02-17,배재대,김장우,선발,47,1,,,,,교체 아웃
2025,춘계대회,조별리그,2025-02-17,배재대,신중건,교체,16,,,,,,
2025,춘계대회,조별리그,2025-02-17,배재대,이민재,선발,79,,,,,,교체 아웃
2025,춘계대회,조별리그,2025-02-17,배재대,양한울,교체,48,,,,,,
2025,춘계대회,조별리그,2025-02-17,배재대,이규민,교체,28,,,,,,
2025,춘계대회,조별리그,2025-02-17,배재대,신승현,선발,67,2,,,1,,교체 아웃
2025,춘계대회,조별리그,2025-02-17,배재대,탁하도,선발,79,,,,,,교체 아웃
2025,춘계대회,조별리그,2025-02-17,배재대,염정강,교체,7,,,,,,
2025,춘계대회,조별리그,2025-02-17,배재대,김승호,선발,47,,,,,,교체 아웃
2025,춘계대회,조별리그,2025-02-17,배재대,김동현,선발,88,,,,,,교체 아웃
2025,춘계대회,조별리그,2025-02-17,배재대,안용윤,교체,48,,,,,,
2025,춘계대회,조별리그,2025-02-17,배재대,박건희,선발,67,1,,,,,교체 아웃
2025,춘계대회,조별리그,2025-02-19,동원대,국민재,선발,88,,,,,,교체 아웃
2025,춘계대회,조별리그,2025-02-19,동원대,조우영,선발,94,,,,,,
2025,춘계대회,조별리그,2025-02-19,동원대,조승택,선발,94,,,,,,
2025,춘계대회,조별리그,2025-02-19,동원대,김장우,선발,88,,,,,,교체 아웃
2025,춘계대회,조별리그,2025-02-19,동원대,신중건,교체,36,1,,,1,,
2025,춘계대회,조별리그,2025-02-19,동원대,이민재,선발,78,,,,,,교체 아웃
2025,춘계대회,조별리그,2025-02-19,동원대,양한울,교체,16,,,,,,
2025,춘계대회,조별리그,2025-02-19,동원대,김도윤,교체,6,,,,,,
2025,춘계대회,조별리그,2025-02-19,동원대,신승현,선발,46,1,,,,,교체 아웃
2025,춘계대회,조별리그,2025-02-19,동원대,김희준,선발,94,,,,,,
2025,춘계대회,조별리그,2025-02-19,동원대,탁하도,선발,58,,,,,,교체 아웃
2025,춘계대회,조별리그,2025-02-19,동원대,김근태,교체,6,,,,,,
2025,춘계대회,조별리그,2025-02-19,동원대,김승호,선발,94,,,,,,
2025,춘계대회,조별리그,2025-02-19,동원대,현대호,선발,46,,,,,,교체 아웃
2025,춘계대회,조별리그,2025-02-19,동원대,김동현,선발,78,,,,,,교체 아웃
2025,춘계대회,조별리그,2025-02-19,동원대,안용윤,교체,48,,,,,,
2025,춘계대회,조별리그,2025-02-19,동원대,박건희,교체,48,,,,,,
2025,춘계대회,16강,2025-02-23,송호대,국민재,선발,95,,,,,,
2025,춘계대회,16강,2025-02-23,송호대,조우영,선발,95,,,,,,
2025,춘계대회,16강,2025-02-23,송호대,조승택,선발,95,,,,,,
2025,춘계대회,16강,2025-02-23,송호대,김장우,선발,95,,1,,,,
2025,춘계대회,16강,2025-02-23,송호대,신중건,교체,27,,,,,,
2025,춘계대회,16강,2025-02-23,송호대,이민재,선발,90,,1,,,,교체 아웃
2025,춘계대회,16강,2025-02-23,송호대,양한울,교체,10,,,,,,
2025,춘계대회,16강,2025-02-23,송호대,신승현,선발,68,1,,,,,교체 아웃
2025,춘계대회,16강,2025-02-23,송호대,김희준,선발,95,,,,,,
2025,춘계대회,16강,2025-02-23,송호대,탁하도,선발,69,,,,,,교체 아웃
2025,춘계대회,16강,2025-02-23,송호대,김승호,선발,95,,,,,,
2025,춘계대회,16강,2025-02-23,송호대,현대호,교체,27,1,,,1,,
2025,춘계대회,16강,2025-02-23,송호대,김동현,선발,85,,,,,,교체 아웃
2025,춘계대회,16강,2025-02-23,송호대,안용윤,교체,49,,,,,,
2025,춘계대회,16강,2025-02-23,송호대,박건희,선발,46,,,,,,교체 아웃
2025,춘계대회,8강,2025-02-25,경일대,국민재,선발,95,,,,,,
2025,춘계대회,8강,2025-02-25,경일대,조우영,선발,95,,,,,1,2번 키커 X
2025,춘계대회,8강,2025-02-25,경일대,조승택,선발,95,,,,,,
2025,춘계대회,8강,2025-02-25,경일대,김장우,선발,95,,,,,,5번 키커 O
2025,춘계대회,8강,2025-02-25,경일대,신중건,교체,48,,,,,,
2025,춘계대회,8강,2025-02-25,경일대,이민재,선발,95,1,,,,,1번 키커 O
2025,춘계대회,8강,2025-02-25,경일대,양한울,교체,64,,,,,,교체 아웃
2025,춘계대회,8강,2025-02-25,경일대,신승현,선발,30,,,,,,교체 아웃
2025,춘계대회,8강,2025-02-25,경일대,김희준,선발,95,,,,1,,"2,5,6 선방"
2025,춘계대회,8강,2025-02-25,경일대,탁하도,선발,55,,,,,,교체 아웃
2025,춘계대회,8강,2025-02-25,경일대,김승호,선발,95,,,,,,
2025,춘계대회,8강,2025-02-25,경일대,현대호,선발,47,,,,,,교체 아웃
2025,춘계대회,8강,2025-02-25,경일대,김동현,선발,30,,,,,,교체 아웃
2025,춘계대회,8강,2025-02-25,경일대,안용윤,교체,65,,,,,,6번 키커 O
2025,춘계대회,8강,2025-02-25,경일대,박건희,교체,40,,,,,,3번 키커 X
2025,춘계대회,준결승,2025-02-27,건국대,국민재,선발,97,,,,,,
2025,춘계대회,준결승,2025-02-27,건국대,조우영,선발,97,,,,,,2번 키커 O
2025,춘계대회,준결승,2025-02-27,건국대,조승택,선발,97,,,,,,6번 키커 X
2025,춘계대회,준결승,2025-02-27,건국대,김장우,선발,97,1,,,,,4번 키커 O
2025,춘계대회,준결승,2025-02-27,건국대,신중건,선발,39,,,,,,교체 아웃
2025,춘계대회,준결승,2025-02-27,건국대,이민재,교체,58,,1,,,,1번 키커 O
2025,춘계대회,준결승,2025-02-27,건국대,양한울,선발,39,,,,,,교체 아웃
2025,춘계대회,준결승,2025-02-27,건국대,신승현,선발,62,,,,,,교체 아웃
2025,춘계대회,준결승,2025-02-27,건국대,김희준,선발,97,,,,,,5 선방
2025,춘계대회,준결승,2025-02-27,건국대,탁하도,선발,62,,,,,,교체 아웃
2025,춘계대회,준결승,2025-02-27,건국대,김승호,선발,97,,,,,,
2025,춘계대회,준결승,2025-02-27,건국대,현대호,교체,33,,,,,,교체 아웃
2025,춘계대회,준결승,2025-02-27,건국대,김동현,교체,35,,,,,,
2025,춘계대회,준결승,2025-02-27,건국대,안용윤,선발,97,,,,,,5번 키커 O
2025,춘계대회,준결승,2025-02-27,건국대,박건희,교체,58,,,,,,
2025,U리그,1라운드,2025-04-18,대구대,이승훈,교체,27,,,,,,
2025,U리그,1라운드,2025-04-18,대구대,국민재,선발,98,,,,,,
2025,U리그,1라운드,2025-04-18,대구대,조우영,선발,98,,,,,,
2025,U리그,1라운드,2025-04-18,대구대,조승택,선발,98,,,,,,
2025,U리그,1라운드,2025-04-18,대구대,김장우,선발,98,1,,,,,
2025,U리그,1라운드,2025-04-18,대구대,신중건,교체,7,,,,,,
2025,U리그,1라운드,2025-04-18,대구대,이민재,선발,76,1,,,,1,교체 아웃
2025,U리그,1라운드,2025-04-18,대구대,양한울,교체,7,,,,,,
2025,U리그,1라운드,2025-04-18,대구대,신승현,선발,98,1,,,1,,
2025,U리그,1라운드,2025-04-18,대구대,김희준,선발,71,,,2,,,교체 아웃
2025,U리그,1라운드,2025-04-18,대구대,탁하도,선발,91,,,,,,교체 아웃
2025,U리그,1라운드,2025-04-18,대구대,김승호,선발,98,,,,,,
2025,U리그,1라운드,2025-04-18,대구대,현대호,교체,22,,,,,,교체 아웃
2025,U리그,1라운드,2025-04-18,대구대,김동현,교체,22,,,,,,
2025,U리그,1라운드,2025-04-18,대구대,안용윤,선발,98,,,,,,
2025,U리그,1라운드,2025-04-18,대구대,박건희,선발,76,,,,,,교체 아웃
2025,U리그,2라운드,2025-04-25,호원대,이승훈,선발,99,,,2,,,
2025,U리그,2라운드,2025-04-25,호원대,국민재,선발,99,,,,,,
2025,U리그,2라운드,2025-04-25,호원대,조우영,선발,99,,,,,,
2025,U리그,2라운드,2025-04-25,호원대,조승택,선발,99,,,,,,
2025,U리그,2라운드,2025-04-25,호원대,김장우,선발,64,,,,,,교체 아웃
2025,U리그,2라운드,2025-04-25,호원대,신중건,교체,17,,,,,,
2025,U리그,2라운드,2025-04-25,호원대,이민재,선발,82,1,,,,,교체 아웃
2025,U리그,2라운드,2025-04-25,호원대,양한울,교체,35,,,,,,
2025,U리그,2라운드,2025-04-25,호원대,신승현,선발,99,,,,,,
2025,U리그,2라운드,2025-04-25,호원대,탁하도,선발,82,,,,,1,교체 아웃
2025,U리그,2라운드,2025-04-25,호원대,김승호,선발,99,,,,,,
2025,U리그,2라운드,2025-04-25,호원대,현대호,교체,17,,,,,,
2025,U리그,2라운드,2025-04-25,호원대,김동현,교체,35,,,,,,
2025,U리그,2라운드,2025-04-25,호원대,안용윤,선발,99,,,,,,
2025,U리그,2라운드,2025-04-25,호원대,박건희,선발,64,,,,,,교체 아웃
2025,U리그,3라운드,2025-05-23,중앙대,이승훈,선발,47,,,4,,,교체 아웃
2025,U리그,3라운드,2025-05-23,중앙대,국민재,교체,66,,,,,,
2025,U리그,3라운드,2025-05-23,중앙대,조우영,선발,97,,,,,1,
2025,U리그,3라운드,2025-05-23,중앙대,조승택,선발,97,,,,,,
2025,U리그,3라운드,2025-05-23,중앙대,김장우,선발,97,1,,,,,
2025,U리그,3라운드,2025-05-23,중앙대,신중건,선발,31,,,,,,교체 아웃
2025,U리그,3라운드,2025-05-23,중앙대,이민재,선발,47,,,,,,교체 아웃
2025,U리그,3라운드,2025-05-23,중앙대,김건우,교체,27,,,,,,
2025,U리그,3라운드,2025-05-23,중앙대,양한울,교체,50,1,,,,,
2025,U리그,3라운드,2025-05-23,중앙대,신승현,선발,70,,,,,,교체 아웃
2025,U리그,3라운드,2025-05-23,중앙대,김희준,교체,50,,,,,,
2025,U리그,3라운드,2025-05-23,중앙대,탁하도,선발,47,,,,,,교체 아웃
2025,U리그,3라운드,2025-05-23,중앙대,염정강,교체,9,,,,,,
2025,U리그,3라운드,2025-05-23,중앙대,김승호,선발,97,,,,,1,
2025,U리그,3라운드,2025-05-23,중앙대,현대호,교체,41,,,,,,교체 아웃
2025,U리그,3라운드,2025-05-23,중앙대,김동현,선발,47,,,,,,교체 아웃
2025,U리그,3라운드,2025-05-23,중앙대,안용윤,선발,97,,,,,,
2025,U리그,3라운드,2025-05-23,중앙대,박건희,교체,50,,,,,,
2025,U리그,4라운드,2025-05-30,홍익대,이승훈,교체,50,,,,,,
2025,U리그,4라운드,2025-05-30,홍익대,국민재,선발,97,,,,,,
2025,U리그,4라운드,2025-05-30,홍익대,조우영,선발,97,,,,,,
2025,U리그,4라운드,2025-05-30,홍익대,조승택,선발,97,,,,,,
2025,U리그,4라운드,2025-05-30,홍익대,김장우,선발,97,,,,,,
2025,U리그,4라운드,2025-05-30,홍익대,신중건,선발,47,,,,,,교체 아웃
2025,U리그,4라운드,2025-05-30,홍익대,이민재,선발,89,,,,,,교체 아웃
2025,U리그,4라운드,2025-05-30,홍익대,김건우,교체,8,,,,,,
2025,U리그,4라운드,2025-05-30,홍익대,양한울,교체,50,,,,,,
2025,U리그,4라운드,2025-05-30,홍익대,신승현,교체,47,,,,,,교체 아웃
2025,U리그,4라운드,2025-05-30,홍익대,김희준,선발,47,,,1,,,교체 아웃
2025,U리그,4라운드,2025-05-30,홍익대,탁하도,교체,32,,,,,,
2025,U리그,4라운드,2025-05-30,홍익대,염정강,교체,8,,,,,,
2025,U리그,4라운드,2025-05-30,홍익대,김승호,선발,97,,,,,,
2025,U리그,4라운드,2025-05-30,홍익대,현대호,교체,17,,,,,,교체 아웃
2025,U리그,4라운드,2025-05-30,홍익대,김동현,선발,72,,,,,,교체 아웃
2025,U리그,4라운드,2025-05-30,홍익대,안용윤,선발,97,,,,,,
2025,U리그,4라운드,2025-05-30,홍익대,박건희,선발,47,,,,,,교체 아웃
2025,U리그,5라운드,2025-06-13,고려대,이승훈,선발,96,,,1,,,
2025,U리그,5라운드,2025-06-13,고려대,조우영,선발,96,,,,,,
2025,U리그,5라운드,2025-06-13,고려대,조승택,선발,96,,,,,,
2025,U리그,5라운드,2025-06-13,고려대,김장우,선발,96,1,,,1,,
2025,U리그,5라운드,2025-06-13,고려대,신중건,교체,23,,,,,,
2025,U리그,5라운드,2025-06-13,고려대,이민재,선발,87,,,,,,교체 아웃
2025,U리그,5라운드,2025-06-13,고려대,김건우,교체,9,,,,,,
2025,U리그,5라운드,2025-06-13,고려대,이규민,교체,30,,,,,,
2025,U리그,5라운드,2025-06-13,고려대,레슬리,선발,47,,,,,,교체 아웃
2025,U리그,5라운드,2025-06-13,고려대,탁하도,선발,96,,,,,,
2025,U리그,5라운드,2025-06-13,고려대,김승호,선발,96,,,,,,
2025,U리그,5라운드,2025-06-13,고려대,현대호,선발,73,,,,,1,교체 아웃
2025,U리그,5라운드,2025-06-13,고려대,김동현,선발,66,,,,,,교체 아웃
2025,U리그,5라운드,2025-06-13,고려대,안용윤,선발,96,,,,,,
2025,U리그,5라운드,2025-06-13,고려대,박건희,교체,49,,,,,,
2025,U리그,6라운드,2025-06-20,대구대,이승훈,선발,48,,,2,,,교체 아웃
2025,U리그,6라운드,2025-06-20,대구대,조우영,선발,101,,,,,1,
2025,U리그,6라운드,2025-06-20,대구대,조승택,선발,101,1,,,,,
2025,U리그,6라운드,2025-06-20,대구대,김장우,선발,101,,,,,,
2025,U리그,6라운드,2025-06-20,대구대,신중건,선발,17,,,,,,교체 아웃
2025,U리그,6라운드,2025-06-20,대구대,이민재,선발,101,,,,,,
2025,U리그,6라운드,2025-06-20,대구대,김건우,교체,53,,,,,1,
2025,U리그,6라운드,2025-06-20,대구대,레슬리,선발,64,,,,,,교체 아웃
2025,U리그,6라운드,2025-06-20,대구대,김희준,교체,53,,,,,,클린시트
2025,U리그,6라운드,2025-06-20,대구대,탁하도,선발,101,,,,,,
2025,U리그,6라운드,2025-06-20,대구대,김근태,선발,17,,,,,,교체 아웃
2025,U리그,6라운드,2025-06-20,대구대,염정강,교체,37,,,,,,
2025,U리그,6라운드,2025-06-20,대구대,김승호,선발,101,,,,,,
2025,U리그,6라운드,2025-06-20,대구대,현대호,교체,31,,,,,,교체 아웃
2025,U리그,6라운드,2025-06-20,대구대,김동현,교체,53,,,,,,
2025,U리그,6라운드,2025-06-20,대구대,안용윤,선발,101,,,,,,
2025,U리그,6라운드,2025-06-20,대구대,박건희,교체,31,,,,,,교체 아웃
2025,추계대회,조별리그,2025-07-03,영남대,이승훈,교체,20,,,,,,클린시트
2025,추계대회,조별리그,2025-07-03,영남대,조우영,선발,95,,,,,,
2025,추계대회,조별리그,2025-07-03,영남대,조승택,선발,95,,,,,,
2025,추계대회,조별리그,2025-07-03,영남대,김장우,선발,95,,,,,,
2025,추계대회,조별리그,2025-07-03,영남대,신중건,교체,31,,,,,,
2025,추계대회,조별리그,2025-07-03,영남대,이민재,선발,64,,,,,,교체 아웃
2025,추계대회,조별리그,2025-07-03,영남대,김건우,교체,31,1,,,1,,
2025,추계대회,조별리그,2025-07-03,영남대,양한울,선발,47,,,,,,교체 아웃
2025,추계대회,조별리그,2025-07-03,영남대,레슬리,교체,48,,,,,,
2025,추계대회,조별리그,2025-07-03,영남대,김희준,선발,75,,,,,,교체 아웃
2025,추계대회,조별리그,2025-07-03,영남대,탁하도,선발,89,,,,,,교체 아웃
2025,추계대회,조별리그,2025-07-03,영남대,염정강,교체,6,,,,,,
2025,추계대회,조별리그,2025-07-03,영남대,김승호,선발,95,1,,,,1,
2025,추계대회,조별리그,2025-07-03,영남대,현대호,선발,47,,,,,1,교체 아웃
2025,추계대회,조별리그,2025-07-03,영남대,김동현,교체,48,,,,,,
2025,추계대회,조별리그,2025-07-03,영남대,안용윤,선발,95,,,,,,
2025,추계대회,조별리그,2025-07-03,영남대,박건희,선발,64,,,,,,교체 아웃
2025,추계대회,조별리그,2025-07-05,목포과학대,이승훈,선발,97,,,,,,클린시트
2025,추계대회,조별리그,2025-07-05,목포과학대,조우영,선발,97,,,,,,
2025,추계대회,조별리그,2025-07-05,목포과학대,조승택,선발,97,,,,,,
2025,추계대회,조별리그,2025-07-05,목포과학대,김장우,선발,75,2,,,1,,교체 아웃
2025,추계대회,조별리그,2025-07-05,목포과학대,신중건,교체,49,,,,,,
2025,추계대회,조별리그,2025-07-05,목포과학대,이민재,선발,89,,,,,,교체 아웃
2025,추계대회,조별리그,2025-07-05,목포과학대,김건우,교체,22,1,,,,,
2025,추계대회,조별리그,2025-07-05,목포과학대,양한울,선발,54,,,,,,교체 아웃
2025,추계대회,조별리그,2025-07-05,목포과학대,신승현,교체,8,,,,,,
2025,추계대회,조별리그,2025-07-05,목포과학대,레슬리,교체,22,,,,,,
2025,추계대회,조별리그,2025-07-05,목포과학대,탁하도,선발,75,,,,,,교체 아웃
2025,추계대회,조별리그,2025-07-05,목포과학대,김근태,교체,22,,,,,,
2025,추계대회,조별리그,2025-07-05,목포과학대,염정강,교체,8,,,,,,
2025,추계대회,조별리그,2025-07-05,목포과학대,김승호,선발,89,,,,,,교체 아웃
2025,추계대회,조별리그,2025-07-05,목포과학대,현대호,교체,43,,,,,,
2025,추계대회,조별리그,2025-07-05,목포과학대,김동현,선발,75,,,,,,교체 아웃
2025,추계대회,조별리그,2025-07-05,목포과학대,안용윤,선발,97,,,,,,
2025,추계대회,조별리그,2025-07-05,목포과학대,박건희,선발,48,,,,,,교체 아웃
2025,추계대회,조별리그,2025-07-07,연성대,이승훈,선발,95,,,,,,클린시트
2025,추계대회,조별리그,2025-07-07,연성대,엄유강,교체,10,,,,,,
2025,추계대회,조별리그,2025-07-07,연성대,조우영,선발,95,,,,,,
2025,추계대회,조별리그,2025-07-07,연성대,조승택,선발,85,,,,,,교체 아웃
2025,추계대회,조별리그,2025-07-07,연성대,이민혁,교체,13,,,,,,
2025,추계대회,조별리그,2025-07-07,연성대,김장우,선발,48,,,,,,교체 아웃
2025,추계대회,조별리그,2025-07-07,연성대,신중건,선발,95,1,,,,,
2025,추계대회,조별리그,2025-07-07,연성대,이민재,선발,48,,,,,,교체 아웃
2025,추계대회,조별리그,2025-07-07,연성대,김건우,선발,82,3,,,1,,교체 아웃
2025,추계대회,조별리그,2025-07-07,연성대,양한울,교체,47,1,,,,,
2025,추계대회,조별리그,2025-07-07,연성대,신승현,교체,21,,,,,,
2025,추계대회,조별리그,2025-07-07,연성대,레슬리,교체,47,,,,,,
2025,추계대회,조별리그,2025-07-07,연성대,탁하도,선발,74,,,,,,교체 아웃
2025,추계대회,조별리그,2025-07-07,연성대,김승호,선발,95,,,,,,
2025,추계대회,조별리그,2025-07-07,연성대,현대호,교체,47,,,,,,
2025,추계대회,조별리그,2025-07-07,연성대,김동현,선발,48,,,,,,교체 아웃
2025,추계대회,조별리그,2025-07-07,연성대,안용윤,선발,48,,,,,1,교체 아웃
2025,추계대회,조별리그,2025-07-07,연성대,박건희,교체,47,,,,,,
2025,추계대회,16강,2025-07-11,광주대,이승훈,선발,97,,,,,,클린시트
2025,추계대회,16강,2025-07-11,광주대,조우영,선발,97,,,,,,
2025,추계대회,16강,2025-07-11,광주대,조승택,선발,97,,,,,,
2025,추계대회,16강,2025-07-11,광주대,김장우,선발,97,1,,,,,
2025,추계대회,16강,2025-07-11,광주대,신중건,선발,57,,,,,,교체 아웃
2025,추계대회,16강,2025-07-11,광주대,이민재,교체,71,,,,,,
2025,추계대회,16강,2025-07-11,광주대,김건우,선발,97,,,,,,
2025,추계대회,16강,2025-07-11,광주대,양한울,교체,40,,1,,,,
2025,추계대회,16강,2025-07-11,광주대,레슬리,교체,40,,,,,,
2025,추계대회,16강,2025-07-11,광주대,탁하도,선발,57,,,,,,교체 아웃
2025,추계대회,16강,2025-07-11,광주대,김승호,선발,97,,,,,,
2025,추계대회,16강,2025-07-11,광주대,현대호,선발,26,,,,,,교체 아웃
2025,추계대회,16강,2025-07-11,광주대,김동현,선발,57,,,,,,교체 아웃
2025,추계대회,16강,2025-07-11,광주대,안용윤,선발,97,,,,,,
2025,추계대회,16강,2025-07-11,광주대,박건희,교체,40,,,,,,
2025,추계대회,8강,2025-07-13,호남대,이승훈,선발,98,,,1,,,
2025,추계대회,8강,2025-07-13,호남대,조우영,선발,98,,,,,,
2025,추계대회,8강,2025-07-13,호남대,조승택,선발,98,,,,,,
2025,추계대회,8강,2025-07-13,호남대,김장우,선발,98,,,,,,
2025,추계대회,8강,2025-07-13,호남대,신중건,선발,48,,,,,,교체 아웃
2025,추계대회,8강,2025-07-13,호남대,이민재,선발,48,,,,,,교체 아웃
2025,추계대회,8강,2025-07-13,호남대,김건우,선발,98,,,,,,
2025,추계대회,8강,2025-07-13,호남대,양한울,교체,50,,,,,,
2025,추계대회,8강,2025-07-13,호남대,레슬리,교체,50,,,,,,
2025,추계대회,8강,2025-07-13,호남대,탁하도,선발,85,,,,,,교체 아웃
2025,추계대회,8강,2025-07-13,호남대,김승호,선발,98,,,,,,
2025,추계대회,8강,2025-07-13,호남대,현대호,교체,13,,,,,,
2025,추계대회,8강,2025-07-13,호남대,김동현,선발,48,,,,,1,교체 아웃
2025,추계대회,8강,2025-07-13,호남대,안용윤,선발,98,,,,,1,
2025,추계대회,8강,2025-07-13,호남대,박건희,교체,50,,,,,,
2025,저학년대회,조별리그,2025-08-18,배재대,엄유강,교체,27,,,,,,
2025,저학년대회,조별리그,2025-08-18,배재대,신중건,선발,98,,,,,,
2025,저학년대회,조별리그,2025-08-18,배재대,김건우,선발,98,,,,,,
2025,저학년대회,조별리그,2025-08-18,배재대,김도윤,교체,5,,,,,,
2025,저학년대회,조별리그,2025-08-18,배재대,신승현,선발,98,,,,,,
2025,저학년대회,조별리그,2025-08-18,배재대,김희준,선발,98,,,1,,,
2025,저학년대회,조별리그,2025-08-18,배재대,김근태,선발,98,,,,,,
2025,저학년대회,조별리그,2025-08-18,배재대,염정강,선발,98,,,,,1,
2025,저학년대회,조별리그,2025-08-18,배재대,현대호,선발,93,1,,,1,1,교체 아웃
2025,저학년대회,조별리그,2025-08-18,배재대,김동현,선발,98,,,,,,
2025,저학년대회,조별리그,2025-08-18,배재대,전지환,선발,71,,,,,,교체 아웃
2025,저학년대회,조별리그,2025-08-18,배재대,안용윤,선발,98,,,,,,
2025,저학년대회,조별리그,2025-08-18,배재대,박건희,선발,98,,,,,,
2025,저학년대회,조별리그,2025-08-20,동원대,엄유강,교체,15,,,,,,
2025,저학년대회,조별리그,2025-08-20,동원대,조우영,선발,97,1,,,1,,
2025,저학년대회,조별리그,2025-08-20,동원대,신중건,선발,82,,,,,,교체 아웃
2025,저학년대회,조별리그,2025-08-20,동원대,김건우,선발,97,1,,,,,
2025,저학년대회,조별리그,2025-08-20,동원대,김도윤,교체,3,,,,,,
2025,저학년대회,조별리그,2025-08-20,동원대,신승현,선발,97,,,,,,
2025,저학년대회,조별리그,2025-08-20,동원대,김희준,선발,97,,,,,,클린시트
2025,저학년대회,조별리그,2025-08-20,동원대,김근태,교체,36,,,,,,
2025,저학년대회,조별리그,2025-08-20,동원대,염정강,선발,97,,,,,1,
2025,저학년대회,조별리그,2025-08-20,동원대,현대호,선발,94,,,,,,교체 아웃
2025,저학년대회,조별리그,2025-08-20,동원대,김동현,선발,97,,,,,,
2025,저학년대회,조별리그,2025-08-20,동원대,전지환,선발,61,,,,,,교체 아웃
2025,저학년대회,조별리그,2025-08-20,동원대,안용윤,선발,97,,,,,,
2025,저학년대회,조별리그,2025-08-20,동원대,박건희,선발,97,,,,,,
2025,저학년대회,조별리그,2025-08-22,청운대,엄유강,선발,90,,,,,,
2025,저학년대회,조별리그,2025-08-22,청운대,조우영,선발,90,,,,,,
2025,저학년대회,조별리그,2025-08-22,청운대,신중건,선발,90,,,,,,
2025,저학년대회,조별리그,2025-08-22,청운대,김건우,선발,90,,,,,,
2025,저학년대회,조별리그,2025-08-22,청운대,김도윤,선발,90,1,,,,,
2025,저학년대회,조별리그,2025-08-22,청운대,신승현,선발,90,1,,,,,
2025,저학년대회,조별리그,2025-08-22,청운대,김희준,선발,90,,,,,,클린시트
2025,저학년대회,조별리그,2025-08-22,청운대,현대호,교체,23,1,,,,,
2025,저학년대회,조별리그,2025-08-22,청운대,김동현,선발,90,,,,,,
2025,저학년대회,조별리그,2025-08-22,청운대,전지환,선발,90,1,,,1,,
2025,저학년대회,조별리그,2025-08-22,청운대,안용윤,선발,67,,,,,,교체 아웃
2025,저학년대회,조별리그,2025-08-22,청운대,박건희,선발,90,,,,,,
2025,저학년대회,16강,2025-08-24,전주대,엄유강,교체,48,,,,,,
2025,저학년대회,16강,2025-08-24,전주대,조우영,선발,99,,,,,,
2025,저학년대회,16강,2025-08-24,전주대,신중건,선발,99,,,,,,
2025,저학년대회,16강,2025-08-24,전주대,김건우,선발,99,,,,,,
2025,저학년대회,16강,2025-08-24,전주대,김도윤,교체,11,,,,,,
2025,저학년대회,16강,2025-08-24,전주대,신승현,선발,99,1,,,,,
2025,저학년대회,16강,2025-08-24,전주대,김희준,선발,99,,,4,,,
2025,저학년대회,16강,2025-08-24,전주대,염정강,선발,99,,,,,,
2025,저학년대회,16강,2025-08-24,전주대,현대호,선발,99,1,,,,,
2025,저학년대회,16강,2025-08-24,전주대,김동현,선발,88,,,,,,교체 아웃
2025,저학년대회,16강,2025-08-24,전주대,전지환,선발,55,,,,,,교체 아웃
2025,저학년대회,16강,2025-08-24,전주대,안용윤,선발,99,,,,,,
2025,저학년대회,16강,2025-08-24,전주대,박건희,선발,99,,,,,,
2025,U리그,7라운드,2025-09-05,호원대,이승훈,선발,99,,,2,,,
2025,U리그,7라운드,2025-09-05,호원대,조우영,선발,99,,,,,,
2025,U리그,7라운드,2025-09-05,호원대,김장우,선발,86,,,,,1,교체 아웃
2025,U리그,7라운드,2025-09-05,호원대,이민재,선발,99,,,,,,
2025,U리그,7라운드,2025-09-05,호원대,김건우,선발,99,,,,,,
2025,U리그,7라운드,2025-09-05,호원대,양한울,선발,50,,,,,,교체 아웃
2025,U리그,7라운드,2025-09-05,호원대,신승현,선발,46,,,,,,부상 교체
2025,U리그,7라운드,2025-09-05,호원대,레슬리,교체,13,,,,,,
2025,U리그,7라운드,2025-09-05,호원대,탁하도,선발,86,,,,,,교체 아웃
2025,U리그,7라운드,2025-09-05,호원대,염정강,교체,49,,,,,,
2025,U리그,7라운드,2025-09-05,호원대,김승호,선발,31,,,,,,부상 교체
2025,U리그,7라운드,2025-09-05,호원대,현대호,교체,68,,,,,,
2025,U리그,7라운드,2025-09-05,호원대,김동현,교체,53,,,,,,
2025,U리그,7라운드,2025-09-05,호원대,전지환,교체,13,,,,,,
2025,U리그,7라운드,2025-09-05,호원대,안용윤,선발,99,,,,,,
2025,U리그,7라운드,2025-09-05,호원대,박건희,선발,99,,,,,,
2025,U리그,8라운드,2025-09-12,홍익대,이승훈,선발,94,,,1,,,
2025,U리그,8라운드,2025-09-12,홍익대,엄유강,교체,9,,,,,,
2025,U리그,8라운드,2025-09-12,홍익대,조우영,선발,94,,,,,,
2025,U리그,8라운드,2025-09-12,홍익대,김장우,선발,94,,,,,,
2025,U리그,8라운드,2025-09-12,홍익대,신중건,선발,85,,,,,,부상 교체
2025,U리그,8라운드,2025-09-12,홍익대,김건우,선발,94,,,,,,
2025,U리그,8라운드,2025-09-12,홍익대,이규민,교체,21,,,,,,
2025,U리그,8라운드,2025-09-12,홍익대,김도윤,교체,9,,,,,,
2025,U리그,8라운드,2025-09-12,홍익대,탁하도,선발,85,,,,,,교체 아웃
2025,U리그,8라운드,2025-09-12,홍익대,염정강,선발,94,,,,,,
2025,U리그,8라운드,2025-09-12,홍익대,현대호,선발,94,2,,,1,,
2025,U리그,8라운드,2025-09-12,홍익대,김동현,선발,58,,,,,,교체 아웃
2025,U리그,8라운드,2025-09-12,홍익대,전지환,교체,36,,,,,,
2025,U리그,8라운드,2025-09-12,홍익대,안용윤,선발,94,,,,,1,
2025,U리그,8라운드,2025-09-12,홍익대,박건희,선발,73,,,,,,교체 아웃
2025,U리그,9라운드,2025-10-24,중앙대,이승훈,선발,95,,,1,,,
2025,U리그,9라운드,2025-10-24,중앙대,국민재,선발,75,,,,,,교체 아웃
2025,U리그,9라운드,2025-10-24,중앙대,조우영,선발,95,,,,,1,경고 누적
2025,U리그,9라운드,2025-10-24,중앙대,조승택,선발,95,,,,,,
2025,U리그,9라운드,2025-10-24,중앙대,김장우,선발,86,,,,,,교체 아웃
2025,U리그,9라운드,2025-10-24,중앙대,신중건,선발,61,,,,,,교체 아웃
2025,U리그,9라운드,2025-10-24,중앙대,이민재,선발,61,,,,,,교체 아웃
2025,U리그,9라운드,2025-10-24,중앙대,김건우,선발,95,,,,,,
2025,U리그,9라운드,2025-10-24,중앙대,양한울,교체,34,,,,,,
2025,U리그,9라운드,2025-10-24,중앙대,이규민,교체,9,,,,,,
2025,U리그,9라운드,2025-10-24,중앙대,탁하도,교체,9,,,,,,
2025,U리그,9라운드,2025-10-24,중앙대,염정강,교체,34,1,,,1,,
2025,U리그,9라운드,2025-10-24,중앙대,현대호,선발,86,,,,,,교체 아웃
2025,U리그,9라운드,2025-10-24,중앙대,김동현,교체,20,,,,,,
2025,U리그,9라운드,2025-10-24,중앙대,안용윤,선발,95,,,,,,
2025,U리그,9라운드,2025-10-24,중앙대,박건희,선발,95,,,,,,
2025,U리그,10라운드,2025-10-31,고려대,이승훈,선발,95,,,2,,,
2025,U리그,10라운드,2025-10-31,고려대,국민재,선발,95,,,,,,
2025,U리그,10라운드,2025-10-31,고려대,조승택,선발,95,,,,,,
2025,U리그,10라운드,2025-10-31,고려대,이민혁,교체,7,,,,,,
2025,U리그,10라운드,2025-10-31,고려대,김장우,선발,95,,,,,,
2025,U리그,10라운드,2025-10-31,고려대,신중건,교체,20,,,,,,
2025,U리그,10라운드,2025-10-31,고려대,이민재,선발,88,,,,,,부상 교체
2025,U리그,10라운드,2025-10-31,고려대,김건우,선발,95,,,,,,
2025,U리그,10라운드,2025-10-31,고려대,양한울,선발,46,,,,,,교체 아웃
2025,U리그,10라운드,2025-10-31,고려대,이규민,교체,15,,,,,,교체 아웃
2025,U리그,10라운드,2025-10-31,고려대,탁하도,선발,46,,,,,,교체 아웃
2025,U리그,10라운드,2025-10-31,고려대,염정강,선발,95,,,,,,
2025,U리그,10라운드,2025-10-31,고려대,현대호,교체,49,,,,,,
2025,U리그,10라운드,2025-10-31,고려대,김동현,교체,49,,,,,,
2025,U리그,10라운드,2025-10-31,고려대,안용윤,선발,95,,,,,,
2025,U리그,10라운드,2025-10-31,고려대,박건희,선발,60,,,,,,교체 아웃